,S.No,Latitude,Longitude,totalPixels,start_year,end_year,built_2015,water_2015,tree_2015,grass_2015,flooded_veg_2015,crop_2015,shrub_2015,bare_2015,built_2016,water_2016,tree_2016,grass_2016,flooded_veg_2016,crop_2016,shrub_2016,bare_2016,built_2017,water_2017,tree_2017,grass_2017,flooded_veg_2017,crop_2017,shrub_2017,bare_2017,built_2018,water_2018,tree_2018,grass_2018,flooded_veg_2018,crop_2018,shrub_2018,bare_2018,built_2019,water_2019,tree_2019,grass_2019,flooded_veg_2019,crop_2019,shrub_2019,bare_2019,built_2020,water_2020,tree_2020,grass_2020,flooded_veg_2020,crop_2020,shrub_2020,bare_2020,built_2021,water_2021,tree_2021,grass_2021,flooded_veg_2021,crop_2021,shrub_2021,bare_2021,slope_before,slope_after,slope_ratio,slope_good
0,3041.0,28.26744708,82.78008074,35318.0,2021.0,2022.0,688.0,40.0,27045.0,3120.0,0.0,957.0,3468.0,0.0,2033.0,0.0,19561.0,92.0,0.0,3114.0,10518.0,0.0,1529.0,0.0,19016.0,0.0,0.0,2323.0,12450.0,0.0,1529.0,0.0,19795.0,0.0,0.0,2621.0,11373.0,0.0,2541.0,0.0,20755.0,0.0,0.0,1768.0,10254.0,0.0,2690.0,0.0,22023.0,12.0,0.0,949.0,9644.0,0.0,2280.0,0.0,22656.0,0.0,0.0,1522.0,8860.0,0.0,38.21775052597812,53.11263401208587,1.38973731528189,1
1,6138.0,28.29782724,83.40426564,35340.0,2021.0,2022.0,593.0,73.0,30568.0,95.0,0.0,293.0,3718.0,0.0,471.0,0.0,30544.0,580.0,0.0,864.0,2881.0,0.0,546.0,0.0,30950.0,193.0,0.0,549.0,3102.0,0.0,666.0,0.0,31201.0,229.0,0.0,261.0,2983.0,0.0,712.0,0.0,32106.0,101.0,0.0,100.0,2319.0,2.0,691.0,0.0,31755.0,106.0,0.0,263.0,2525.0,0.0,534.0,0.0,31895.0,33.0,0.0,184.0,2687.0,7.0,258.22546972860056,-383.0769830645058,-1.4834980587589843,0
2,7579.0,27.60849681,84.08100047,35105.0,2021.0,2022.0,3783.0,1.0,14168.0,1070.0,0.0,15621.0,462.0,0.0,3504.0,46.0,18235.0,7.0,0.0,13242.0,71.0,0.0,4209.0,14.0,15740.0,0.0,0.0,14699.0,443.0,0.0,4945.0,7.0,15144.0,0.0,0.0,14779.0,230.0,0.0,5624.0,15.0,13597.0,0.0,0.0,15300.0,569.0,0.0,5489.0,0.0,15252.0,0.0,0.0,14233.0,131.0,0.0,5976.0,142.0,12873.0,0.0,0.0,16063.0,46.0,5.0,62.27827935496446,94.43333048385908,1.516312452141172,1
3,8166.0,29.11384642,81.66137689,35588.0,2021.0,2022.0,542.0,1403.0,15452.0,3907.0,0.0,4640.0,9372.0,272.0,353.0,1384.0,15470.0,525.0,0.0,2779.0,14968.0,123.0,577.0,1425.0,16271.0,723.0,0.0,1274.0,15298.0,34.0,332.0,1290.0,16234.0,7.0,0.0,2000.0,15694.0,45.0,498.0,1536.0,16091.0,655.0,0.0,402.0,16420.0,0.0,643.0,1228.0,17374.0,1028.0,0.0,419.0,14784.0,126.0,695.0,1542.0,17670.0,1708.0,0.0,787.0,13186.0,14.0,-150.92714209365147,275.80084373352076,-1.8273773683621743,1
4,8312.0,27.56142096,83.91125913,35089.0,2021.0,2022.0,2216.0,2205.0,15165.0,67.0,38.0,9889.0,1132.0,4377.0,1746.0,2656.0,17071.0,89.0,0.0,8538.0,559.0,4430.0,2160.0,2100.0,16023.0,26.0,0.0,9273.0,479.0,5028.0,1966.0,2165.0,16202.0,20.0,0.0,9026.0,886.0,4824.0,2354.0,2191.0,14377.0,0.0,0.0,8908.0,2386.0,4873.0,2516.0,2783.0,16058.0,41.0,17.0,8852.0,1599.0,3223.0,2671.0,2451.0,14394.0,61.0,0.0,9276.0,1445.0,4791.0,-43.34778516383352,145.15932657901735,-3.3487138046473603,1
5,8389.0,28.82048495,81.79084565,32075.0,2021.0,2022.0,26.0,0.0,25849.0,3945.0,0.0,215.0,2040.0,0.0,0.0,0.0,24050.0,108.0,0.0,521.0,10831.0,0.0,0.0,0.0,24389.0,24.0,0.0,244.0,10853.0,0.0,0.0,0.0,24408.0,1.0,0.0,139.0,10962.0,0.0,0.0,0.0,25140.0,41.0,0.0,83.0,10246.0,0.0,5.0,0.0,25665.0,256.0,0.0,79.0,9505.0,0.0,12.0,0.0,25240.0,0.0,0.0,84.0,10174.0,0.0,-2467.3076923076906,7524.082687338504,-3.0495112996227784,1
6,8390.0,29.3009824,81.63329454,35667.0,2021.0,2022.0,142.0,0.0,34861.0,130.0,0.0,49.0,154.0,0.0,0.0,0.0,34632.0,85.0,0.0,11.0,894.0,0.0,0.0,0.0,35087.0,43.0,0.0,53.0,481.0,3.0,0.0,0.0,34918.0,25.0,0.0,12.0,695.0,17.0,0.0,0.0,34845.0,76.0,0.0,0.0,723.0,23.0,0.0,0.0,34959.0,61.0,0.0,0.0,642.0,5.0,0.0,0.0,34886.0,3.0,0.0,104.0,674.0,0.0,-502.35211267605604,0.0,-0.0,-1
7,8391.0,28.70686219,82.20735866,35469.0,2021.0,2022.0,765.0,34.0,31081.0,903.0,0.0,1844.0,842.0,0.0,996.0,0.0,29189.0,0.0,0.0,2974.0,2310.0,0.0,1221.0,0.0,29141.0,0.0,0.0,1791.0,3315.0,1.0,1343.0,0.0,28562.0,0.0,0.0,2512.0,3052.0,0.0,1317.0,0.0,28382.0,0.0,0.0,2957.0,2813.0,0.0,1108.0,0.0,29199.0,0.0,0.0,2824.0,2338.0,0.0,1065.0,0.0,28713.0,5.0,0.0,3239.0,2447.0,0.0,177.86729792307406,-305.46048823585295,-1.717350473092371,0
8,8392.0,28.8827921,82.28924515,35527.0,2021.0,2022.0,1.0,1613.0,23493.0,8802.0,20.0,78.0,1180.0,340.0,495.0,1514.0,18606.0,2685.0,1.0,824.0,10258.0,1144.0,525.0,1511.0,17374.0,674.0,2.0,831.0,13700.0,910.0,667.0,1431.0,15608.0,153.0,2.0,803.0,15785.0,1078.0,912.0,1593.0,16476.0,631.0,9.0,714.0,14050.0,1142.0,1323.0,1601.0,16425.0,1939.0,0.0,692.0,12053.0,1494.0,1654.0,1744.0,17448.0,662.0,0.0,954.0,11925.0,1140.0,142.27412679104594,104.4631126241293,0.7342382974351434,0
9,8422.0,27.92135301,85.36466025,35204.0,2021.0,2022.0,671.0,137.0,22878.0,0.0,18.0,357.0,11122.0,21.0,1596.0,486.0,23291.0,65.0,0.0,779.0,8983.0,4.0,2433.0,352.0,23267.0,0.0,0.0,755.0,8393.0,4.0,2962.0,333.0,24312.0,0.0,9.0,1149.0,6439.0,0.0,5811.0,317.0,22609.0,0.0,0.0,808.0,5652.0,7.0,5621.0,285.0,21128.0,0.0,0.0,1001.0,7169.0,0.0,4207.0,201.0,23670.0,0.0,0.0,1841.0,5283.0,2.0,45.02956869815774,11.693204991665903,0.25967836978514736,0
10,8423.0,27.9716798,85.32049226,35222.0,2021.0,2022.0,2852.0,0.0,8548.0,1637.0,0.0,2671.0,19437.0,77.0,4486.0,0.0,8166.0,6288.0,0.0,1727.0,14555.0,0.0,5067.0,0.0,7459.0,338.0,0.0,2227.0,20131.0,0.0,5077.0,0.0,7259.0,361.0,0.0,2974.0,19549.0,2.0,6363.0,0.0,7911.0,109.0,0.0,2378.0,18461.0,0.0,5775.0,0.0,7359.0,282.0,0.0,1676.0,20125.0,5.0,5328.0,0.0,8515.0,192.0,0.0,2697.0,18490.0,0.0,38.68256485593642,3.0421178508362585,0.07864312674627107,0
11,8424.0,27.97589174,85.4416965,35228.0,2021.0,2022.0,721.0,1465.0,25716.0,0.0,0.0,330.0,6996.0,0.0,1498.0,63.0,27912.0,28.0,0.0,189.0,5538.0,0.0,1751.0,600.0,28156.0,7.0,0.0,100.0,4614.0,0.0,1377.0,32.0,27870.0,140.0,0.0,21.0,5702.0,86.0,1701.0,568.0,27505.0,0.0,0.0,16.0,5269.0,169.0,1672.0,129.0,27737.0,59.0,0.0,13.0,5440.0,178.0,1097.0,143.0,29041.0,34.0,0.0,0.0,4797.0,115.0,67.63924130242994,-63.3364443152511,-0.9363860844041688,0
12,8425.0,27.90200414,85.32673306,35197.0,2021.0,2022.0,515.0,49.0,26517.0,2.0,0.0,165.0,7949.0,0.0,760.0,0.0,26738.0,72.0,0.0,763.0,6864.0,0.0,1226.0,0.0,26135.0,44.0,0.0,427.0,7365.0,0.0,1254.0,0.0,26897.0,0.0,0.0,172.0,6874.0,0.0,2562.0,0.0,27038.0,0.0,0.0,604.0,4993.0,0.0,2664.0,0.0,26239.0,23.0,0.0,771.0,5500.0,0.0,1758.0,0.0,27262.0,0.0,0.0,998.0,5179.0,0.0,120.01902718723369,20.92129098691206,0.1743164519595226,0
13,8426.0,27.90503584,85.41639862,35201.0,2021.0,2022.0,1531.0,195.0,26955.0,18.0,0.0,922.0,5578.0,2.0,1790.0,20.0,28317.0,182.0,0.0,1477.0,3415.0,0.0,1762.0,7.0,28310.0,25.0,0.0,963.0,4134.0,0.0,1769.0,5.0,28385.0,43.0,0.0,683.0,4316.0,0.0,2229.0,4.0,27673.0,0.0,0.0,787.0,4508.0,0.0,1974.0,0.0,28046.0,36.0,0.0,1002.0,4143.0,0.0,1580.0,0.0,27360.0,2.0,0.0,1174.0,5085.0,0.0,270.7769230769228,-62.17226753530256,-0.2296069651313696,0
14,8427.0,27.85990229,85.32802252,35193.0,2021.0,2022.0,1013.0,0.0,25084.0,74.0,0.0,1354.0,7668.0,0.0,827.0,0.0,26094.0,187.0,0.0,2055.0,6030.0,0.0,1664.0,0.0,25984.0,211.0,0.0,2037.0,5297.0,0.0,1966.0,0.0,27369.0,52.0,0.0,2080.0,3726.0,0.0,3288.0,0.0,27275.0,34.0,0.0,1273.0,3320.0,3.0,3623.0,0.0,26590.0,74.0,0.0,1951.0,2955.0,0.0,2458.0,0.0,26397.0,18.0,0.0,2600.0,3710.0,10.0,75.28045142807534,18.49053149179972,0.2456219528580537,0
15,8428.0,27.85960963,85.12761316,35193.0,2021.0,2022.0,3018.0,1372.0,23284.0,0.0,25.0,975.0,6321.0,198.0,4865.0,1468.0,25583.0,21.0,1.0,1040.0,2101.0,114.0,6153.0,1929.0,22530.0,0.0,27.0,586.0,3873.0,95.0,6720.0,1891.0,22890.0,5.0,6.0,1056.0,2527.0,98.0,7641.0,1863.0,22100.0,84.0,103.0,1230.0,2079.0,93.0,7869.0,1755.0,22150.0,26.0,21.0,444.0,2830.0,98.0,7527.0,1740.0,22974.0,0.0,31.0,508.0,2354.0,59.0,26.95318813358355,62.11698424358731,2.3046247418200534,1
16,8437.0,28.56726009,82.42342085,35428.0,2021.0,2022.0,452.0,0.0,25620.0,148.0,0.0,225.0,8983.0,0.0,466.0,0.0,22519.0,0.0,0.0,1167.0,11276.0,0.0,571.0,0.0,23206.0,0.0,0.0,587.0,11064.0,0.0,824.0,0.0,22842.0,0.0,0.0,727.0,11035.0,0.0,1048.0,0.0,23388.0,0.0,0.0,574.0,10418.0,0.0,1784.0,0.0,22761.0,0.0,0.0,779.0,10104.0,0.0,393.0,0.0,23295.0,0.0,0.0,253.0,11487.0,0.0,243.06180553409422,-9.71337480701495,-0.039962571600548974,0
17,8439.0,29.35298254,80.38205556,35699.0,2021.0,2022.0,58.0,2025.0,21357.0,201.0,15.0,1399.0,9756.0,888.0,1.0,2052.0,22077.0,0.0,3.0,1759.0,8480.0,1327.0,25.0,2147.0,21921.0,0.0,5.0,1498.0,9270.0,833.0,0.0,2082.0,23718.0,0.0,4.0,736.0,8199.0,960.0,0.0,2226.0,22242.0,0.0,2.0,606.0,9892.0,731.0,0.0,2205.0,20413.0,2.0,2.0,1287.0,11098.0,692.0,0.0,2561.0,22636.0,0.0,5.0,1813.0,7798.0,886.0,-1202.7964959568737,0.0,-0.0,-1
18,8440.0,29.49893095,80.57062349,35750.0,2021.0,2022.0,84.0,19.0,19917.0,925.0,0.0,4079.0,10726.0,0.0,171.0,11.0,19999.0,377.0,0.0,4270.0,10918.0,4.0,169.0,15.0,20912.0,113.0,0.0,4216.0,10325.0,0.0,178.0,9.0,20218.0,188.0,0.0,5021.0,10136.0,0.0,253.0,12.0,20411.0,388.0,0.0,2005.0,12520.0,161.0,156.0,12.0,20305.0,969.0,0.0,2601.0,11625.0,82.0,121.0,24.0,21884.0,731.0,0.0,4201.0,8789.0,0.0,842.4507658643327,-512.1338464827878,-0.6079095268639845,0
19,8454.0,29.18552643,81.02933527,35628.0,2021.0,2022.0,103.0,4025.0,17279.0,437.0,659.0,4076.0,6920.0,2129.0,54.0,3777.0,17309.0,210.0,0.0,6127.0,5984.0,2167.0,105.0,3803.0,17430.0,250.0,0.0,5071.0,7042.0,1927.0,76.0,3615.0,16058.0,19.0,0.0,7087.0,6664.0,2109.0,76.0,3769.0,16055.0,13.0,0.0,7084.0,6647.0,1984.0,102.0,3898.0,18774.0,53.0,0.0,5902.0,5101.0,1798.0,92.0,3978.0,19462.0,42.0,0.0,6409.0,3363.0,2282.0,-302.7875354107656,2684.7983706720984,-8.866938221317021,1
20,8455.0,27.35291022,85.54023618,3912.0,2021.0,2022.0,0.0,183.0,3008.0,0.0,7.0,160.0,354.0,200.0,90.0,703.0,30358.0,317.0,0.0,1202.0,1819.0,526.0,139.0,675.0,29713.0,89.0,0.0,1325.0,2645.0,440.0,38.0,927.0,29203.0,0.0,0.0,995.0,3612.0,251.0,20.0,1208.0,28655.0,3.0,1.0,1425.0,3428.0,286.0,1.0,836.0,28614.0,23.0,0.0,1336.0,3676.0,540.0,2.0,688.0,28625.0,7.0,0.0,1119.0,3858.0,727.0,258.5061692060402,-2420.8446258503386,-9.364746045657519,0
21,8463.0,27.86542269,85.30185161,35183.0,2021.0,2022.0,844.0,186.0,22661.0,218.0,22.0,2604.0,8628.0,20.0,1957.0,421.0,21805.0,768.0,0.0,3589.0,6637.0,6.0,3250.0,268.0,22152.0,222.0,0.0,4039.0,5242.0,10.0,3178.0,81.0,21412.0,6.0,0.0,7029.0,3476.0,1.0,4314.0,133.0,22389.0,6.0,0.0,5641.0,2700.0,0.0,4431.0,222.0,22096.0,276.0,2.0,5271.0,2885.0,0.0,3297.0,68.0,22362.0,98.0,0.0,6754.0,2604.0,0.0,37.31283411435186,6.403541066697515,0.17161765431895945,0
23,8467.0,28.89022184,81.94350566,35527.0,2021.0,2022.0,729.0,0.0,23841.0,3132.0,0.0,572.0,7250.0,3.0,125.0,0.0,16747.0,191.0,0.0,3767.0,14543.0,154.0,152.0,0.0,17744.0,352.0,0.0,2194.0,15011.0,74.0,124.0,0.0,17768.0,111.0,0.0,2844.0,14676.0,4.0,192.0,0.0,18085.0,528.0,0.0,2406.0,14296.0,20.0,209.0,0.0,17756.0,765.0,0.0,2673.0,14066.0,58.0,235.0,12.0,18500.0,219.0,0.0,2539.0,14013.0,9.0,-119.25885679311794,921.6165134894769,-7.727866409856953,1
24,8468.0,28.75123098,82.19125484,35471.0,2021.0,2022.0,5.0,0.0,33399.0,372.0,0.0,149.0,1546.0,0.0,21.0,0.0,28586.0,0.0,0.0,1792.0,5072.0,0.0,44.0,0.0,27598.0,0.0,0.0,1081.0,6748.0,0.0,15.0,0.0,28485.0,0.0,0.0,1040.0,5931.0,0.0,63.0,0.0,28341.0,0.0,0.0,470.0,6597.0,0.0,11.0,0.0,27476.0,0.0,0.0,1133.0,6851.0,0.0,0.0,0.0,27952.0,0.0,0.0,811.0,6708.0,0.0,1145.2713981114844,-736.8427026448227,-0.6433782454183808,0
25,8469.0,28.79607749,82.05413939,35509.0,2021.0,2022.0,1003.0,0.0,16068.0,1679.0,88.0,1846.0,14567.0,258.0,0.0,0.0,11894.0,306.0,0.0,4761.0,18039.0,509.0,0.0,0.0,11553.0,108.0,0.0,2635.0,20918.0,295.0,57.0,0.0,11431.0,92.0,0.0,3224.0,20508.0,197.0,175.0,0.0,14336.0,72.0,0.0,2657.0,17923.0,346.0,181.0,0.0,14358.0,222.0,0.0,2210.0,18050.0,488.0,103.0,0.0,14196.0,261.0,0.0,3395.0,17468.0,86.0,-69.1792648670022,239.38651685393268,-3.4603795994964033,1
26,8470.0,29.22677498,81.92578267,35649.0,2021.0,2022.0,247.0,654.0,9561.0,1019.0,0.0,3565.0,11558.0,9045.0,260.0,803.0,11006.0,2109.0,0.0,2767.0,16676.0,2028.0,147.0,680.0,10050.0,1296.0,0.0,1493.0,18652.0,3331.0,81.0,615.0,8954.0,37.0,0.0,4677.0,18985.0,2300.0,100.0,818.0,9291.0,1049.0,0.0,596.0,22266.0,1529.0,105.0,750.0,9246.0,1587.0,5.0,1314.0,20159.0,2483.0,153.0,868.0,10158.0,1493.0,0.0,2536.0,19674.0,767.0,-501.35316661104144,1399.4900079936053,-2.791425488450847,1
28,8472.0,29.20527612,81.90776266,35648.0,2021.0,2022.0,440.0,415.0,5515.0,3187.0,0.0,3278.0,13659.0,9150.0,535.0,543.0,7116.0,4809.0,0.0,2236.0,17364.0,3039.0,491.0,278.0,5963.0,1616.0,0.0,3649.0,17966.0,5685.0,448.0,356.0,5430.0,219.0,0.0,8817.0,16705.0,3671.0,298.0,772.0,5915.0,3376.0,3.0,2179.0,19174.0,3931.0,628.0,537.0,6075.0,3188.0,0.0,3040.0,17403.0,4777.0,556.0,583.0,7486.0,4571.0,0.0,4254.0,16005.0,2193.0,-61.878146155177376,188.61375661375644,-3.0481481481483432,1
30,8475.0,29.33431355,81.98157663,35683.0,2021.0,2022.0,1379.0,1185.0,8985.0,7442.0,0.0,3121.0,11348.0,2223.0,1186.0,1532.0,10720.0,7733.0,87.0,1707.0,12324.0,394.0,1144.0,1478.0,9998.0,5063.0,10.0,1606.0,14474.0,1910.0,1116.0,1467.0,9223.0,881.0,320.0,4392.0,16007.0,2277.0,1067.0,1627.0,9859.0,1712.0,522.0,3517.0,14751.0,2628.0,1580.0,1545.0,9944.0,1466.0,740.0,4274.0,13644.0,2490.0,1415.0,1586.0,9848.0,1257.0,1116.0,5720.0,13140.0,1601.0,-350.7291695004462,140.03147804886197,-0.3992581462451866,1
31,8476.0,29.38827771,81.34136861,34542.0,2021.0,2022.0,1740.0,0.0,13007.0,7543.0,0.0,736.0,7913.0,3603.0,884.0,14.0,10204.0,481.0,0.0,5295.0,15533.0,3298.0,892.0,0.0,10888.0,241.0,0.0,5398.0,16082.0,2208.0,687.0,1.0,10254.0,16.0,0.0,4375.0,17689.0,2687.0,874.0,1.0,10385.0,193.0,0.0,4344.0,16645.0,3267.0,1258.0,0.0,11663.0,540.0,0.0,3041.0,15525.0,3682.0,1074.0,0.0,11184.0,138.0,0.0,4102.0,15250.0,3961.0,-79.84827829865247,150.72007441697826,-1.8875807672802611,1
32,8477.0,27.79720808,85.17941055,35160.0,2021.0,2022.0,96.0,0.0,24261.0,88.0,0.0,152.0,10563.0,0.0,1205.0,0.0,24528.0,406.0,0.0,1696.0,7325.0,0.0,1329.0,0.0,23550.0,13.0,0.0,829.0,9439.0,0.0,1521.0,0.0,24709.0,0.0,0.0,1636.0,7294.0,0.0,1763.0,0.0,25740.0,0.0,0.0,1380.0,6277.0,0.0,1817.0,0.0,24233.0,0.0,0.0,1497.0,7613.0,0.0,1855.0,0.0,25147.0,0.0,0.0,1177.0,6981.0,0.0,62.709206426819456,274.46008279124794,4.376711147055226,1
33,8478.0,29.09495949,80.6649946,35601.0,2021.0,2022.0,374.0,368.0,17475.0,684.0,239.0,1676.0,12094.0,2691.0,275.0,426.0,19182.0,459.0,79.0,1632.0,12387.0,1161.0,275.0,466.0,18919.0,17.0,82.0,1354.0,14052.0,436.0,332.0,394.0,20476.0,213.0,44.0,2374.0,11310.0,458.0,509.0,325.0,21780.0,54.0,0.0,2573.0,9894.0,466.0,601.0,334.0,20569.0,237.0,3.0,1958.0,11392.0,507.0,700.0,632.0,20305.0,44.0,6.0,1182.0,11263.0,1469.0,-321.97286821705484,289.78966854964926,-0.900043752613001,1
34,8479.0,29.36268046,80.92480647,35696.0,2021.0,2022.0,370.0,7.0,25393.0,166.0,0.0,316.0,9437.0,7.0,277.0,0.0,26045.0,4.0,0.0,1884.0,7478.0,8.0,263.0,4.0,25466.0,0.0,0.0,1519.0,8439.0,5.0,270.0,6.0,24271.0,7.0,0.0,1725.0,9415.0,2.0,313.0,16.0,23462.0,34.0,0.0,2296.0,9565.0,10.0,327.0,17.0,25146.0,30.0,0.0,1579.0,8587.0,10.0,272.0,91.0,25017.0,49.0,0.0,1463.0,8780.0,24.0,-737.5983153461433,142.72690923630546,-0.19350221694761593,1
35,8480.0,29.19115059,82.06174597,26168.0,2021.0,2022.0,34.0,30.0,10909.0,2652.0,0.0,4030.0,7875.0,638.0,0.0,35.0,18887.0,14063.0,0.0,7.0,2643.0,0.0,36.0,14.0,16355.0,10488.0,0.0,865.0,7408.0,469.0,3.0,20.0,13703.0,7066.0,0.0,1794.0,11626.0,1423.0,57.0,119.0,10798.0,1289.0,0.0,762.0,17856.0,4754.0,255.0,51.0,14483.0,6646.0,0.0,814.0,11907.0,1479.0,365.0,179.0,12459.0,4925.0,0.0,2656.0,13579.0,1472.0,-1026.6291822341536,266.30430227685434,-0.2593967781992346,1
36,8483.0,29.0061011,81.55583539,220.0,2021.0,2022.0,0.0,0.0,220.0,0.0,0.0,0.0,0.0,0.0,32.0,0.0,30100.0,27.0,0.0,6.0,5407.0,0.0,3.0,0.0,29678.0,4.0,0.0,7.0,5880.0,0.0,6.0,0.0,30506.0,4.0,0.0,0.0,5056.0,0.0,16.0,0.0,30061.0,1.0,0.0,0.0,5494.0,0.0,6.0,0.0,29991.0,31.0,0.0,7.0,5107.0,430.0,2.0,0.0,30088.0,0.0,0.0,73.0,4973.0,436.0,-301.57379576107826,-3656.934579439255,12.126168224299104,0
37,8486.0,28.76587749,81.69452301,8422.0,2021.0,2022.0,28.0,0.0,7907.0,20.0,0.0,106.0,361.0,0.0,14.0,0.0,28540.0,31.0,0.0,151.0,6753.0,0.0,68.0,0.0,30618.0,48.0,0.0,51.0,4704.0,0.0,196.0,0.0,31210.0,45.0,0.0,11.0,4027.0,0.0,154.0,0.0,32164.0,32.0,0.0,1.0,3138.0,0.0,220.0,0.0,32819.0,45.0,0.0,20.0,2385.0,0.0,228.0,0.0,31693.0,27.0,0.0,27.0,3514.0,0.0,284.6517542469882,867.1520361990944,3.046361117615594,1
38,8488.0,29.63516342,82.03426418,35799.0,2021.0,2022.0,88.0,0.0,19826.0,0.0,0.0,3050.0,11990.0,845.0,0.0,0.0,19277.0,417.0,0.0,566.0,15273.0,266.0,1.0,0.0,19668.0,71.0,0.0,715.0,14725.0,619.0,0.0,0.0,18207.0,4.0,0.0,438.0,16461.0,689.0,0.0,0.0,19261.0,65.0,0.0,321.0,15583.0,569.0,41.0,0.0,19019.0,87.0,0.0,874.0,15238.0,540.0,18.0,0.0,21063.0,90.0,0.0,452.0,13759.0,417.0,-816.612775922633,1498.5261070720433,-1.8350510195961172,1
39,8489.0,29.29731781,81.77470697,35566.0,2021.0,2022.0,67.0,0.0,8425.0,1020.0,0.0,4383.0,21422.0,249.0,0.0,158.0,7752.0,1150.0,0.0,1175.0,24522.0,928.0,6.0,222.0,7897.0,43.0,0.0,1648.0,25036.0,833.0,0.0,0.0,6837.0,3.0,0.0,2467.0,24902.0,1476.0,16.0,266.0,7472.0,113.0,0.0,892.0,26827.0,99.0,3.0,117.0,8222.0,1504.0,0.0,231.0,25254.0,354.0,2.0,71.0,11596.0,817.0,0.0,273.0,22360.0,566.0,-1086.0568763120916,-786.755905511809,0.7244150123917867,1
40,8491.0,28.43310642,82.18830607,3756.0,2021.0,2022.0,621.0,17.0,2087.0,46.0,0.0,232.0,753.0,0.0,2937.0,41.0,22430.0,0.0,0.0,2522.0,7386.0,66.0,3469.0,27.0,22642.0,0.0,0.0,1814.0,7430.0,0.0,3541.0,18.0,22952.0,0.0,0.0,2306.0,6565.0,0.0,3297.0,9.0,23663.0,0.0,0.0,2084.0,6329.0,0.0,3528.0,6.0,23321.0,0.0,0.0,2442.0,6085.0,0.0,2733.0,18.0,24537.0,0.0,0.0,2524.0,5570.0,0.0,-22.47100260803444,-90.43172493125212,4.024374279540091,0
41,8492.0,29.10209617,81.78451234,6466.0,2021.0,2022.0,199.0,0.0,524.0,2163.0,0.0,925.0,2562.0,93.0,394.0,166.0,19011.0,4403.0,0.0,2236.0,8484.0,245.0,364.0,74.0,17723.0,418.0,0.0,2315.0,14384.0,327.0,447.0,18.0,18037.0,86.0,0.0,3144.0,13689.0,184.0,528.0,280.0,18264.0,649.0,0.0,796.0,14957.0,131.0,656.0,151.0,18378.0,1427.0,0.0,1465.0,13406.0,122.0,707.0,66.0,21275.0,361.0,0.0,2218.0,10705.0,242.0,-97.49881621441126,382.89480541014296,-3.9271738906871714,1
42,8493.0,28.47690535,82.33390362,14720.0,2021.0,2022.0,11.0,0.0,10289.0,53.0,0.0,1076.0,3291.0,0.0,135.0,0.0,25841.0,40.0,0.0,3188.0,6190.0,0.0,67.0,0.0,25500.0,0.0,0.0,2538.0,7289.0,0.0,74.0,0.0,25014.0,0.0,0.0,1982.0,8324.0,0.0,538.0,0.0,25367.0,0.0,0.0,1778.0,7705.0,6.0,1019.0,0.0,25108.0,1.0,0.0,2121.0,7145.0,0.0,985.0,0.0,25620.0,0.0,0.0,1750.0,7039.0,0.0,219.4302973938686,95.97388980193783,0.43737756791929483,0
43,8494.0,28.56316572,82.19040767,30096.0,2021.0,2022.0,10.0,0.0,28392.0,0.0,0.0,46.0,1648.0,0.0,38.0,0.0,33500.0,0.0,0.0,294.0,1589.0,0.0,30.0,0.0,33288.0,0.0,0.0,186.0,1917.0,0.0,20.0,0.0,33465.0,0.0,0.0,334.0,1602.0,0.0,30.0,0.0,33383.0,3.0,0.0,608.0,1397.0,0.0,18.0,0.0,33279.0,0.0,0.0,423.0,1701.0,0.0,45.0,0.0,33271.0,0.0,0.0,287.0,1818.0,0.0,750.2425591962979,2442.827586206897,3.2560504016511564,1
44,8495.0,28.53742552,82.32043789,35413.0,2021.0,2022.0,62.0,27.0,29584.0,206.0,0.0,150.0,5384.0,0.0,140.0,0.0,28221.0,250.0,0.0,925.0,5877.0,0.0,121.0,0.0,28700.0,14.0,0.0,456.0,6122.0,0.0,94.0,0.0,28167.0,0.0,0.0,410.0,6742.0,0.0,31.0,0.0,28995.0,0.0,0.0,96.0,6291.0,0.0,211.0,0.0,29396.0,23.0,0.0,342.0,5441.0,0.0,533.0,0.0,29822.0,20.0,0.0,297.0,4741.0,0.0,395.3317868793036,177.16352280075589,0.4481388258689267,0
45,8496.0,28.4954865,82.1508874,15606.0,2021.0,2022.0,64.0,0.0,15072.0,4.0,0.0,50.0,416.0,0.0,446.0,0.0,31047.0,0.0,0.0,406.0,3492.0,0.0,311.0,0.0,30446.0,0.0,0.0,273.0,4361.0,0.0,349.0,0.0,30586.0,0.0,0.0,72.0,4384.0,0.0,306.0,0.0,31609.0,0.0,0.0,108.0,3368.0,0.0,695.0,0.0,31622.0,0.0,0.0,187.0,2887.0,0.0,494.0,4.0,31580.0,0.0,0.0,177.0,3136.0,0.0,178.80135125717726,157.780119895254,0.882432480436417,0
46,8497.0,28.59394086,82.29118112,35437.0,2021.0,2022.0,0.0,40.0,30124.0,2760.0,0.0,1164.0,1349.0,0.0,0.0,4.0,26635.0,2.0,0.0,5601.0,3195.0,0.0,9.0,0.0,27299.0,0.0,0.0,5020.0,3109.0,0.0,4.0,0.0,27055.0,0.0,0.0,4643.0,3735.0,0.0,25.0,0.0,29058.0,0.0,0.0,3931.0,2423.0,0.0,108.0,0.0,27348.0,0.0,0.0,5353.0,2628.0,0.0,35.0,0.0,28027.0,0.0,0.0,4624.0,2751.0,0.0,6796.136986301375,508.38865340723794,0.07480553356001665,0
47,8498.0,28.29715563,82.02757741,35337.0,2021.0,2022.0,734.0,185.0,33717.0,450.0,0.0,240.0,11.0,0.0,1019.0,65.0,28289.0,0.0,0.0,3229.0,2735.0,0.0,940.0,53.0,28110.0,4.0,0.0,3106.0,3124.0,0.0,1011.0,114.0,29118.0,0.0,0.0,2019.0,3075.0,0.0,904.0,137.0,30305.0,0.0,0.0,1665.0,2317.0,9.0,1319.0,218.0,28996.0,0.0,0.0,2443.0,2361.0,0.0,1737.0,217.0,28332.0,0.0,0.0,3042.0,2009.0,0.0,251.00525182302493,109.4580854328595,0.4360788654335989,0
48,8499.0,28.36039218,81.84661675,35347.0,2021.0,2022.0,30.0,56.0,32443.0,278.0,0.0,540.0,807.0,1193.0,0.0,2.0,30154.0,50.0,0.0,2980.0,1855.0,306.0,2.0,2.0,31427.0,20.0,0.0,1661.0,1529.0,706.0,5.0,11.0,31203.0,0.0,0.0,1914.0,1436.0,778.0,2.0,29.0,32024.0,0.0,0.0,1273.0,1333.0,686.0,317.0,28.0,31578.0,11.0,0.0,1619.0,1194.0,600.0,385.0,14.0,30588.0,0.0,0.0,2817.0,1474.0,69.0,-2198.833404345976,208.94099221801736,-0.09502356649896587,1
49,8500.0,28.52765285,81.97148351,35405.0,2021.0,2022.0,1639.0,0.0,28680.0,1025.0,5.0,1138.0,2423.0,495.0,1704.0,0.0,22057.0,20.0,0.0,2596.0,8721.0,307.0,1032.0,0.0,21671.0,0.0,0.0,2627.0,9609.0,466.0,1184.0,0.0,23364.0,0.0,0.0,3318.0,7309.0,230.0,1374.0,0.0,26464.0,0.0,0.0,2732.0,4786.0,49.0,2035.0,0.0,26870.0,0.0,0.0,2454.0,4026.0,20.0,1404.0,0.0,25976.0,0.0,0.0,3783.0,4207.0,35.0,-108.87785734612442,56.87418791341551,-0.5223668916684462,1
50,8501.0,28.69924386,82.44427857,35472.0,2021.0,2022.0,622.0,0.0,26594.0,2224.0,0.0,2348.0,3684.0,0.0,1338.0,0.0,20968.0,42.0,0.0,3397.0,9727.0,0.0,2462.0,0.0,20589.0,3.0,0.0,2092.0,10326.0,0.0,2862.0,0.0,20322.0,1.0,0.0,2364.0,9923.0,0.0,4931.0,0.0,21438.0,11.0,0.0,1923.0,7169.0,0.0,5780.0,0.0,20202.0,127.0,0.0,1773.0,7590.0,0.0,5962.0,4.0,20781.0,60.0,0.0,1453.0,7212.0,0.0,43.94986371614543,29.725027991685835,0.676339480451359,0
51,8502.0,28.28270839,82.2350942,12952.0,2021.0,2022.0,2016.0,685.0,6391.0,605.0,11.0,2241.0,700.0,303.0,2258.0,917.0,23565.0,379.0,2.0,4760.0,2600.0,851.0,2883.0,670.0,24163.0,94.0,1.0,3670.0,3058.0,793.0,3316.0,640.0,22368.0,20.0,0.0,5420.0,2937.0,631.0,3131.0,790.0,23021.0,45.0,0.0,5446.0,2407.0,492.0,3395.0,916.0,24823.0,275.0,0.0,3400.0,1966.0,557.0,3235.0,669.0,23697.0,15.0,18.0,5540.0,1575.0,583.0,-17.579608421755676,9.690176898110503,-0.5512168795590695,1
52,8503.0,28.65493068,82.54734907,35442.0,2021.0,2022.0,3785.0,609.0,18288.0,4403.0,0.0,2598.0,5116.0,643.0,5506.0,327.0,13844.0,419.0,0.0,6991.0,7806.0,549.0,6723.0,335.0,12888.0,786.0,0.0,6193.0,8046.0,471.0,6545.0,252.0,11782.0,295.0,0.0,7377.0,8650.0,541.0,7170.0,266.0,12757.0,964.0,0.0,5956.0,7795.0,534.0,8303.0,211.0,11780.0,1118.0,0.0,6010.0,7406.0,614.0,7931.0,219.0,11160.0,449.0,0.0,5958.0,9141.0,584.0,30.874992954138403,50.65892803812955,1.6407753716212383,1
54,8505.0,28.64667388,82.27827949,35442.0,2021.0,2022.0,28.0,111.0,32205.0,378.0,0.0,180.0,2540.0,0.0,64.0,0.0,28894.0,30.0,0.0,1274.0,5180.0,0.0,146.0,0.0,28695.0,0.0,0.0,1041.0,5560.0,0.0,177.0,0.0,27538.0,16.0,0.0,823.0,6888.0,0.0,220.0,0.0,29378.0,0.0,0.0,293.0,5551.0,0.0,398.0,0.0,29205.0,2.0,0.0,1030.0,4807.0,0.0,265.0,0.0,28982.0,0.0,0.0,263.0,5932.0,0.0,647.9073174946005,285.2604705368197,0.44027974809714504,0
55,8506.0,28.7427801,82.33413209,35488.0,2021.0,2022.0,0.0,429.0,29246.0,28.0,0.0,274.0,5511.0,0.0,0.0,0.0,28577.0,30.0,0.0,3189.0,3692.0,0.0,0.0,0.0,28065.0,0.0,0.0,1693.0,5730.0,0.0,0.0,0.0,29156.0,0.0,0.0,2129.0,4203.0,0.0,0.0,0.0,29534.0,0.0,0.0,2009.0,3945.0,0.0,72.0,0.0,29837.0,0.0,0.0,2236.0,3295.0,48.0,374.0,1.0,29602.0,0.0,0.0,861.0,4642.0,8.0,0.0,222.23973314032162,inf,-1
56,8507.0,28.5928957,82.30676418,35423.0,2021.0,2022.0,186.0,152.0,30560.0,2779.0,0.0,134.0,1612.0,0.0,254.0,0.0,27005.0,3.0,0.0,863.0,7278.0,20.0,297.0,0.0,27327.0,6.0,0.0,389.0,7404.0,0.0,128.0,0.0,26484.0,0.0,0.0,299.0,8512.0,0.0,232.0,0.0,27949.0,0.0,0.0,122.0,7120.0,0.0,291.0,0.0,27080.0,0.0,0.0,235.0,7817.0,0.0,115.0,0.0,27400.0,0.0,0.0,47.0,7861.0,0.0,-139.36220436969722,16.533488914819202,-0.11863682114958155,1
57,8508.0,28.59293476,82.44021013,35441.0,2021.0,2022.0,1005.0,290.0,30511.0,221.0,0.0,602.0,2812.0,0.0,1934.0,0.0,26455.0,73.0,0.0,1163.0,5816.0,0.0,2371.0,42.0,27827.0,6.0,0.0,576.0,4619.0,0.0,1685.0,0.0,27230.0,0.0,0.0,511.0,6015.0,0.0,2355.0,0.0,28664.0,1.0,0.0,362.0,4059.0,0.0,2067.0,0.0,27674.0,12.0,0.0,587.0,5101.0,0.0,1408.0,12.0,28821.0,0.0,0.0,354.0,4846.0,0.0,44.84709408492492,-38.03099942606091,-0.8480147978828533,0
58,8509.0,28.67594476,82.37699587,35467.0,2021.0,2022.0,0.0,562.0,34062.0,171.0,0.0,378.0,294.0,0.0,0.0,0.0,32608.0,5.0,0.0,476.0,2378.0,0.0,0.0,0.0,31694.0,0.0,0.0,312.0,3461.0,0.0,0.0,0.0,31563.0,0.0,0.0,230.0,3674.0,0.0,27.0,0.0,31935.0,0.0,0.0,203.0,3302.0,0.0,60.0,0.0,31691.0,7.0,0.0,247.0,3462.0,0.0,0.0,0.0,31363.0,0.0,0.0,88.0,4016.0,0.0,0.0,240.15820252385353,inf,-1
59,8511.0,28.67255327,82.35910517,33060.0,2021.0,2022.0,138.0,264.0,27425.0,2904.0,0.0,74.0,2255.0,0.0,75.0,0.0,25993.0,226.0,0.0,155.0,9014.0,0.0,204.0,0.0,24378.0,6.0,0.0,199.0,10676.0,0.0,81.0,0.0,23498.0,0.0,0.0,294.0,11590.0,0.0,408.0,0.0,24028.0,0.0,0.0,471.0,10556.0,0.0,811.0,0.0,23988.0,17.0,0.0,379.0,10268.0,0.0,36.0,0.0,23472.0,30.0,0.0,164.0,11761.0,0.0,-114.22272857569482,12.3167970390183,-0.10783140266918087,1
60,8513.0,28.56879968,82.50581603,35414.0,2021.0,2022.0,611.0,64.0,25636.0,499.0,0.0,185.0,8419.0,0.0,963.0,0.0,22900.0,409.0,0.0,3706.0,7348.0,88.0,782.0,0.0,23147.0,28.0,0.0,2218.0,9220.0,19.0,929.0,0.0,21815.0,70.0,0.0,2887.0,9694.0,19.0,1701.0,0.0,23200.0,30.0,0.0,1676.0,8764.0,43.0,2448.0,0.0,22272.0,148.0,0.0,3183.0,7213.0,150.0,1817.0,0.0,23728.0,35.0,0.0,1286.0,8407.0,141.0,176.7299149437531,51.82742262976737,0.2932577806437705,0
61,8514.0,28.62086345,82.39017493,16572.0,2021.0,2022.0,28.0,0.0,14482.0,453.0,0.0,9.0,1600.0,0.0,496.0,0.0,27178.0,177.0,0.0,489.0,7106.0,0.0,802.0,0.0,27129.0,0.0,0.0,290.0,7225.0,0.0,967.0,0.0,26999.0,0.0,0.0,168.0,7312.0,0.0,1100.0,0.0,27431.0,0.0,0.0,125.0,6790.0,0.0,1636.0,0.0,26476.0,7.0,0.0,163.0,7164.0,0.0,956.0,0.0,27523.0,0.0,0.0,6.0,6961.0,0.0,112.57106974160688,28.85466049200398,0.25632394324968505,0
62,8515.0,28.75512988,82.3851329,35480.0,2021.0,2022.0,207.0,25.0,26007.0,63.0,0.0,820.0,8358.0,0.0,250.0,0.0,23073.0,63.0,0.0,4822.0,7272.0,0.0,215.0,0.0,22370.0,81.0,0.0,4622.0,8192.0,0.0,335.0,0.0,22508.0,13.0,0.0,6053.0,6571.0,0.0,674.0,0.0,24064.0,6.0,0.0,3289.0,7445.0,2.0,1375.0,0.0,23263.0,20.0,0.0,5149.0,5673.0,0.0,1991.0,0.0,24344.0,21.0,0.0,3747.0,5369.0,8.0,601.8674508469635,61.47001246752277,0.10213214285142115,0
63,8516.0,28.9088271,81.10035311,35534.0,2021.0,2022.0,337.0,0.0,31319.0,957.0,12.0,1797.0,1112.0,0.0,110.0,0.0,29948.0,74.0,0.0,3877.0,1525.0,0.0,137.0,0.0,30478.0,160.0,0.0,2204.0,2555.0,0.0,131.0,0.0,29785.0,91.0,0.0,2922.0,2605.0,0.0,162.0,0.0,30307.0,300.0,0.0,1401.0,3364.0,0.0,187.0,0.0,30846.0,720.0,0.0,885.0,2896.0,0.0,215.0,0.0,30519.0,72.0,0.0,1947.0,2781.0,0.0,-310.7263244334953,1280.712770802159,-4.121674509351942,1
64,8517.0,28.85439162,81.23458925,35526.0,2021.0,2022.0,2263.0,0.0,32414.0,50.0,0.0,404.0,395.0,0.0,1893.0,0.0,27947.0,0.0,0.0,4917.0,769.0,0.0,1819.0,0.0,28356.0,0.0,0.0,4368.0,983.0,0.0,1725.0,0.0,27824.0,2.0,0.0,5337.0,638.0,0.0,1630.0,0.0,28579.0,95.0,0.0,4380.0,842.0,0.0,1901.0,0.0,27977.0,135.0,0.0,4371.0,1142.0,0.0,1895.0,0.0,28075.0,15.0,0.0,4594.0,947.0,0.0,-180.0794215153987,261.01048432994844,-1.4494187183271758,1
65,8518.0,28.51365111,82.05146837,2667.0,2021.0,2022.0,0.0,0.0,1617.0,0.0,0.0,12.0,1038.0,0.0,355.0,37.0,21125.0,45.0,0.0,4227.0,9619.0,0.0,421.0,26.0,19397.0,1.0,0.0,2535.0,13028.0,0.0,363.0,34.0,21146.0,28.0,0.0,4127.0,9710.0,0.0,480.0,49.0,18952.0,48.0,0.0,4698.0,11181.0,0.0,993.0,0.0,22075.0,18.0,0.0,2477.0,9839.0,6.0,1168.0,227.0,21696.0,22.0,0.0,4435.0,7860.0,0.0,184.7086055476391,113.5692295558214,0.6148561904796048,0
66,8519.0,28.55560503,81.74006709,32041.0,2021.0,2022.0,511.0,409.0,29044.0,10.0,2.0,422.0,266.0,1377.0,351.0,169.0,28703.0,76.0,0.0,1519.0,3140.0,1466.0,394.0,111.0,30690.0,0.0,0.0,341.0,2578.0,1310.0,499.0,77.0,30765.0,0.0,0.0,444.0,2242.0,1397.0,577.0,167.0,29866.0,0.0,0.0,355.0,3089.0,1370.0,689.0,279.0,30944.0,4.0,0.0,614.0,1668.0,1226.0,453.0,176.0,29808.0,0.0,0.0,1672.0,2309.0,1006.0,-96.13250816863102,-14.400450295506303,0.14979792548682622,1
67,8521.0,29.68423507,80.44127416,35814.0,2021.0,2022.0,42.0,4.0,29060.0,129.0,0.0,90.0,6489.0,0.0,81.0,0.0,27506.0,0.0,0.0,1.0,8226.0,0.0,147.0,0.0,27244.0,0.0,0.0,1.0,8422.0,0.0,38.0,0.0,27039.0,0.0,0.0,0.0,8737.0,0.0,22.0,0.0,27808.0,0.0,0.0,0.0,7984.0,0.0,64.0,0.0,27307.0,0.0,0.0,1.0,8434.0,8.0,7.0,82.0,28553.0,0.0,0.0,0.0,7172.0,0.0,126.20438527799541,-512.2742953302485,-4.059084747347262,0
68,8522.0,28.84146201,81.32735657,29361.0,2021.0,2022.0,504.0,0.0,27654.0,349.0,3.0,161.0,593.0,3.0,1922.0,0.0,29063.0,198.0,0.0,3490.0,842.0,0.0,2444.0,0.0,27202.0,10.0,81.0,4787.0,991.0,0.0,2796.0,0.0,25637.0,0.0,0.0,6373.0,709.0,0.0,3168.0,0.0,27005.0,0.0,0.0,4729.0,613.0,0.0,3335.0,0.0,26604.0,5.0,3.0,4741.0,819.0,8.0,3082.0,0.0,26912.0,0.0,0.0,4652.0,862.0,7.0,45.60995984293044,119.35466684153174,2.616855337136013,1
70,8525.0,27.87557131,83.71229707,35191.0,2021.0,2022.0,1153.0,193.0,24073.0,144.0,0.0,0.0,9628.0,0.0,1660.0,0.0,28997.0,438.0,0.0,214.0,3882.0,0.0,1620.0,0.0,27755.0,236.0,0.0,6.0,5574.0,0.0,1167.0,0.0,27238.0,13.0,0.0,145.0,6628.0,0.0,1704.0,0.0,25786.0,5.0,0.0,589.0,7107.0,0.0,1505.0,0.0,26993.0,43.0,0.0,76.0,6574.0,0.0,1219.0,0.0,25674.0,16.0,0.0,143.0,8139.0,0.0,0.15214571678083874,-3.9720056329967535,-26.10658858519367,0
71,8526.0,28.68074647,82.7989344,35469.0,2021.0,2022.0,4.0,0.0,25112.0,6845.0,0.0,2.0,3506.0,0.0,304.0,0.0,15852.0,684.0,0.0,596.0,17956.0,77.0,185.0,0.0,19679.0,47.0,0.0,152.0,15365.0,41.0,308.0,0.0,17950.0,8.0,0.0,149.0,16985.0,69.0,536.0,0.0,19845.0,7.0,0.0,150.0,14879.0,52.0,887.0,0.0,18472.0,18.0,0.0,144.0,15948.0,0.0,822.0,0.0,17497.0,32.0,0.0,342.0,16776.0,0.0,230.09302896315904,156.0294268355172,0.6781145327983821,0
72,8527.0,28.58041959,82.69521141,35422.0,2021.0,2022.0,26.0,89.0,25844.0,5987.0,0.0,81.0,3395.0,0.0,362.0,0.0,22828.0,9.0,0.0,6568.0,5600.0,55.0,403.0,0.0,22520.0,5.0,0.0,4852.0,7551.0,91.0,471.0,0.0,22504.0,0.0,0.0,5104.0,7323.0,20.0,724.0,0.0,23081.0,58.0,0.0,2944.0,8609.0,6.0,881.0,0.0,23072.0,10.0,0.0,4195.0,7217.0,47.0,685.0,0.0,24209.0,20.0,0.0,3396.0,7112.0,0.0,206.86310893055716,165.2725356286735,0.7989463973692603,0
73,8528.0,28.53341598,82.75260701,3993.0,2021.0,2022.0,0.0,0.0,3993.0,0.0,0.0,0.0,0.0,0.0,1.0,0.0,26453.0,261.0,0.0,1665.0,6768.0,268.0,0.0,0.0,30233.0,1.0,0.0,1006.0,4122.0,54.0,56.0,0.0,31132.0,127.0,0.0,348.0,3724.0,29.0,22.0,0.0,30151.0,20.0,0.0,278.0,4759.0,186.0,16.0,0.0,30092.0,231.0,0.0,77.0,4848.0,152.0,0.0,0.0,31556.0,1287.0,0.0,240.0,2333.0,0.0,1272.0662436821158,-1848.3455308938226,-1.4530261612348205,0
74,8529.0,28.58306007,82.78111061,35433.0,2021.0,2022.0,0.0,573.0,24937.0,218.0,42.0,37.0,9437.0,189.0,310.0,118.0,16366.0,448.0,0.0,4430.0,9697.0,1604.0,2.0,165.0,19587.0,52.0,0.0,1901.0,13403.0,323.0,302.0,55.0,21975.0,8.0,0.0,1163.0,11819.0,104.0,208.0,109.0,20703.0,43.0,0.0,941.0,13208.0,213.0,461.0,175.0,21222.0,330.0,0.0,2029.0,10932.0,242.0,450.0,268.0,24762.0,2855.0,0.0,1797.0,5211.0,70.0,101.1399770768818,276.38196010407654,2.732667814369625,1
75,8530.0,27.87153496,83.75668913,35192.0,2021.0,2022.0,354.0,1045.0,31497.0,118.0,0.0,0.0,2178.0,0.0,401.0,0.0,33854.0,44.0,0.0,187.0,706.0,0.0,419.0,26.0,33279.0,48.0,0.0,386.0,1034.0,0.0,427.0,0.0,32783.0,6.0,0.0,460.0,1516.0,0.0,491.0,3.0,32529.0,2.0,0.0,392.0,1775.0,0.0,467.0,0.0,33289.0,4.0,0.0,368.0,1064.0,0.0,495.0,0.0,32768.0,0.0,0.0,554.0,1375.0,0.0,1300.4605909409838,1083.2010943912405,0.8329365010649502,0
76,8531.0,27.8282532,83.68061528,35185.0,2021.0,2022.0,688.0,7.0,28930.0,67.0,0.0,40.0,5453.0,0.0,1258.0,0.0,30968.0,417.0,0.0,53.0,2489.0,0.0,1590.0,0.0,29348.0,57.0,0.0,24.0,4166.0,0.0,1337.0,0.0,29516.0,2.0,0.0,40.0,4290.0,0.0,1178.0,0.0,29798.0,6.0,0.0,26.0,4177.0,0.0,837.0,0.0,29832.0,0.0,0.0,32.0,4484.0,0.0,575.0,0.0,29683.0,0.0,0.0,43.0,4884.0,0.0,92.15904225944573,-131.62505277832958,-1.4282380713959604,0
77,8532.0,28.5456909,82.64531606,35410.0,2021.0,2022.0,0.0,411.0,29215.0,2641.0,0.0,299.0,2844.0,0.0,4.0,0.0,24776.0,2.0,0.0,46.0,10511.0,71.0,7.0,0.0,25956.0,0.0,0.0,2.0,9445.0,0.0,27.0,0.0,25714.0,1.0,0.0,8.0,9660.0,0.0,63.0,0.0,26197.0,5.0,0.0,0.0,9145.0,0.0,121.0,0.0,26143.0,0.0,0.0,0.0,9146.0,0.0,59.0,0.0,26137.0,1.0,0.0,9.0,9204.0,0.0,3434.688221709008,593.3775843307944,0.17276024664490386,0
78,8533.0,27.87075974,83.94377507,35182.0,2021.0,2022.0,4107.0,4243.0,14723.0,301.0,1.0,6920.0,3306.0,1580.0,3852.0,5026.0,18863.0,106.0,0.0,4949.0,1065.0,1321.0,5022.0,4491.0,15786.0,5.0,1.0,5696.0,2539.0,1642.0,4165.0,4436.0,15654.0,1.0,0.0,8595.0,705.0,1626.0,5680.0,4548.0,13213.0,243.0,0.0,9227.0,924.0,1347.0,6192.0,4469.0,15124.0,2.0,0.0,7216.0,794.0,1385.0,5893.0,4435.0,13828.0,0.0,0.0,8413.0,925.0,1688.0,30.43813511206561,40.95222283937672,1.345424832651569,1
79,8535.0,27.95893236,83.37516055,35218.0,2021.0,2022.0,1858.0,506.0,29712.0,26.0,0.0,1107.0,1966.0,43.0,1789.0,667.0,31723.0,50.0,0.0,731.0,227.0,31.0,1722.0,527.0,31324.0,0.0,0.0,1009.0,602.0,34.0,1856.0,526.0,30826.0,0.0,1.0,1374.0,621.0,14.0,1999.0,483.0,30244.0,2.0,0.0,1608.0,882.0,0.0,1747.0,815.0,31338.0,64.0,0.0,669.0,560.0,25.0,1690.0,1110.0,31047.0,98.0,1.0,667.0,592.0,13.0,-102.43705548361234,-237.83090221501848,2.3217272411062826,0
80,8536.0,28.54981357,82.70226806,35424.0,2021.0,2022.0,0.0,1197.0,25915.0,4340.0,0.0,81.0,3891.0,0.0,0.0,0.0,21260.0,52.0,0.0,3095.0,10957.0,60.0,0.0,0.0,21958.0,50.0,0.0,1970.0,11407.0,39.0,249.0,0.0,21409.0,6.0,0.0,1615.0,12113.0,32.0,967.0,0.0,22940.0,62.0,0.0,805.0,10623.0,27.0,1711.0,0.0,22573.0,49.0,0.0,1510.0,9565.0,16.0,1530.0,0.0,23300.0,25.0,0.0,707.0,9862.0,0.0,284.53012048192767,62.52984080835916,0.21976527723127587,0
81,8537.0,28.05841498,82.99289728,7645.0,2021.0,2022.0,364.0,0.0,5528.0,223.0,0.0,440.0,1090.0,0.0,873.0,0.0,28947.0,297.0,0.0,1752.0,3388.0,0.0,870.0,0.0,28135.0,53.0,0.0,869.0,5330.0,0.0,680.0,0.0,28013.0,10.0,0.0,623.0,5931.0,0.0,762.0,0.0,28289.0,16.0,0.0,369.0,5821.0,0.0,755.0,0.0,29341.0,48.0,0.0,142.0,4971.0,0.0,597.0,0.0,29303.0,6.0,0.0,448.0,4903.0,0.0,-89.08614844298397,-252.55447982539593,2.8349466694817695,0
82,8538.0,28.19090095,83.23852946,35293.0,2021.0,2022.0,856.0,849.0,26965.0,590.0,0.0,62.0,5500.0,333.0,227.0,170.0,29753.0,1386.0,0.0,18.0,3162.0,391.0,372.0,60.0,29087.0,338.0,0.0,72.0,4699.0,487.0,374.0,37.0,29941.0,316.0,0.0,0.0,4065.0,390.0,494.0,44.0,29829.0,109.0,0.0,12.0,4513.0,109.0,395.0,90.0,29480.0,124.0,0.0,18.0,4579.0,416.0,336.0,164.0,30085.0,304.0,0.0,4.0,3881.0,332.0,-101.48806167590753,-275.7113935192833,2.716687943058184,0
83,8539.0,28.59021932,82.61533692,35432.0,2021.0,2022.0,0.0,240.0,34462.0,181.0,0.0,0.0,452.0,97.0,19.0,0.0,31436.0,0.0,0.0,496.0,3176.0,305.0,48.0,0.0,30792.0,0.0,0.0,243.0,4134.0,211.0,44.0,0.0,31553.0,0.0,0.0,399.0,3067.0,369.0,126.0,11.0,31912.0,0.0,0.0,60.0,2963.0,360.0,130.0,0.0,31754.0,0.0,0.0,120.0,3060.0,368.0,136.0,3.0,31191.0,0.0,0.0,13.0,3740.0,349.0,1875.5719217491364,872.7093596059111,0.46530306275433714,0
84,8540.0,27.99515412,83.52918392,2981.0,2021.0,2022.0,0.0,0.0,2981.0,0.0,0.0,0.0,0.0,0.0,236.0,0.0,28728.0,2188.0,0.0,476.0,3602.0,0.0,450.0,0.0,27528.0,1110.0,0.0,235.0,5907.0,0.0,332.0,0.0,28059.0,861.0,0.0,26.0,5952.0,0.0,431.0,0.0,27850.0,635.0,0.0,10.0,6304.0,0.0,488.0,0.0,26567.0,619.0,0.0,6.0,7538.0,12.0,349.0,0.0,27297.0,354.0,0.0,39.0,7191.0,0.0,194.9363904919562,119.42372881355931,0.6126292197786805,0
85,8541.0,28.06381694,83.23982204,35255.0,2021.0,2022.0,12982.0,252.0,21051.0,0.0,0.0,288.0,682.0,0.0,12924.0,0.0,21412.0,13.0,0.0,421.0,485.0,0.0,13086.0,0.0,21302.0,0.0,0.0,352.0,515.0,0.0,13570.0,0.0,20577.0,0.0,0.0,434.0,674.0,0.0,13199.0,0.0,21150.0,0.0,0.0,276.0,630.0,0.0,13452.0,0.0,20897.0,0.0,0.0,290.0,616.0,0.0,14349.0,0.0,19947.0,0.0,0.0,230.0,729.0,0.0,130.86347254610996,61.915380244406016,0.47312958337239625,0
86,8542.0,28.65005085,82.6266384,35456.0,2021.0,2022.0,126.0,86.0,21236.0,10409.0,0.0,1276.0,2323.0,0.0,575.0,0.0,16928.0,2591.0,0.0,5991.0,9350.0,21.0,1014.0,0.0,17328.0,1600.0,0.0,4938.0,10482.0,94.0,1207.0,0.0,15469.0,1229.0,0.0,4828.0,12655.0,68.0,1918.0,0.0,15677.0,1392.0,0.0,3869.0,12494.0,106.0,2677.0,0.0,15806.0,1338.0,0.0,3706.0,11911.0,18.0,2490.0,0.0,15296.0,551.0,0.0,3394.0,13723.0,2.0,93.64728094401204,62.23165631384808,0.6645324422291972,0
88,8544.0,27.95604949,83.39487345,35221.0,2021.0,2022.0,5313.0,162.0,25489.0,50.0,0.0,551.0,3605.0,51.0,4285.0,421.0,28246.0,73.0,0.0,875.0,1152.0,169.0,4947.0,375.0,27922.0,10.0,0.0,456.0,1318.0,193.0,4884.0,338.0,27841.0,2.0,0.0,786.0,1173.0,197.0,5728.0,173.0,27153.0,1.0,0.0,665.0,1324.0,177.0,4565.0,440.0,28667.0,0.0,0.0,193.0,1159.0,197.0,3469.0,503.0,29282.0,8.0,0.0,293.0,1321.0,345.0,-20.234557943188474,-36.37386591360716,1.7976110975951238,0
89,8545.0,28.69294467,82.655913,35471.0,2021.0,2022.0,0.0,6.0,28840.0,4840.0,0.0,0.0,1785.0,0.0,45.0,0.0,22251.0,44.0,0.0,540.0,12583.0,8.0,67.0,0.0,23633.0,46.0,0.0,483.0,11231.0,11.0,127.0,0.0,22827.0,101.0,0.0,346.0,12062.0,8.0,115.0,0.0,25771.0,312.0,0.0,69.0,9184.0,12.0,145.0,0.0,24277.0,278.0,0.0,54.0,10704.0,3.0,160.0,0.0,24863.0,270.0,0.0,16.0,10151.0,1.0,854.6717885862903,1944.2358189929873,2.2748332692821664,1
90,8546.0,27.99650892,83.26165987,35237.0,2021.0,2022.0,1567.0,211.0,25762.0,187.0,0.0,3013.0,4494.0,3.0,1307.0,0.0,28926.0,333.0,0.0,3191.0,1479.0,1.0,1661.0,0.0,28107.0,10.0,0.0,2679.0,2780.0,0.0,1922.0,0.0,28030.0,3.0,0.0,2697.0,2571.0,14.0,1701.0,0.0,27995.0,6.0,0.0,2205.0,3289.0,41.0,1517.0,0.0,29327.0,17.0,0.0,1851.0,2517.0,8.0,1074.0,0.0,29384.0,0.0,0.0,2403.0,2373.0,3.0,129.1818044419298,-123.61919851029177,-0.9569397102349769,0
91,8547.0,28.6595305,82.51001333,35470.0,2021.0,2022.0,1377.0,1837.0,27580.0,58.0,0.0,325.0,4252.0,41.0,1456.0,1853.0,25932.0,95.0,0.0,1894.0,4083.0,157.0,2020.0,1958.0,24588.0,62.0,0.0,2350.0,4383.0,109.0,2262.0,1841.0,24568.0,63.0,0.0,2246.0,4298.0,192.0,2474.0,1878.0,25195.0,77.0,0.0,1023.0,4672.0,151.0,3308.0,1887.0,24047.0,365.0,0.0,1517.0,4207.0,133.0,2938.0,1826.0,24688.0,24.0,0.0,1310.0,4516.0,168.0,102.43797469149395,76.79521958644192,0.7496753017396262,0
93,8549.0,28.20056948,83.09902226,35294.0,2021.0,2022.0,140.0,0.0,22510.0,76.0,0.0,110.0,12458.0,0.0,320.0,0.0,24733.0,99.0,0.0,1025.0,9117.0,0.0,372.0,0.0,23842.0,110.0,0.0,372.0,10598.0,0.0,369.0,0.0,25120.0,65.0,0.0,228.0,9512.0,0.0,420.0,0.0,25673.0,201.0,0.0,102.0,8898.0,0.0,435.0,0.0,25190.0,184.0,0.0,94.0,9391.0,0.0,386.0,0.0,24781.0,25.0,0.0,52.0,10050.0,0.0,362.81050779321043,422.45266594124024,1.1643892799875128,1
94,8550.0,28.1083224,83.12745414,22373.0,2021.0,2022.0,693.0,41.0,18664.0,20.0,0.0,0.0,2955.0,0.0,1191.0,0.0,31325.0,27.0,0.0,87.0,2646.0,0.0,1556.0,0.0,30734.0,0.0,0.0,2.0,2984.0,0.0,1717.0,0.0,31184.0,0.0,0.0,23.0,2352.0,0.0,1111.0,0.0,31900.0,0.0,0.0,13.0,2252.0,0.0,1408.0,0.0,31928.0,0.0,0.0,70.0,1870.0,0.0,1226.0,0.0,32200.0,0.0,0.0,225.0,1625.0,0.0,150.38231285953484,-98.96649156205706,-0.6580992783007472,0
95,8551.0,28.24108429,83.10983775,35308.0,2021.0,2022.0,566.0,0.0,19737.0,0.0,0.0,401.0,14604.0,0.0,594.0,0.0,20813.0,49.0,0.0,991.0,12861.0,0.0,406.0,0.0,20131.0,0.0,0.0,187.0,14584.0,0.0,235.0,0.0,20779.0,0.0,0.0,208.0,14086.0,0.0,160.0,0.0,19992.0,0.0,0.0,121.0,15035.0,0.0,817.0,0.0,21058.0,0.0,0.0,170.0,13263.0,0.0,403.0,0.0,20251.0,0.0,0.0,167.0,14487.0,0.0,-253.17155771968777,79.23822447222145,-0.31298233176711826,1
96,8568.0,28.50532928,83.01855489,29223.0,2021.0,2022.0,174.0,802.0,15032.0,11.0,0.0,1471.0,10917.0,816.0,155.0,1237.0,19981.0,2247.0,0.0,938.0,10276.0,575.0,469.0,1082.0,20880.0,210.0,0.0,2682.0,9451.0,635.0,221.0,994.0,19361.0,91.0,0.0,2371.0,11220.0,1151.0,71.0,1102.0,20022.0,98.0,0.0,1086.0,11834.0,1196.0,383.0,1214.0,20384.0,105.0,0.0,2472.0,9900.0,951.0,337.0,1038.0,21343.0,7.0,0.0,3156.0,8639.0,889.0,104.11485659466624,201.10439900867414,1.9315629448696434,1
97,8569.0,28.30829477,83.17278555,35329.0,2021.0,2022.0,1113.0,293.0,25058.0,9.0,0.0,704.0,8151.0,1.0,1691.0,704.0,27826.0,209.0,0.0,663.0,4100.0,136.0,2083.0,594.0,27193.0,69.0,0.0,693.0,4623.0,74.0,1937.0,1066.0,27098.0,27.0,0.0,644.0,4492.0,65.0,2263.0,1119.0,27036.0,0.0,0.0,171.0,4665.0,75.0,1983.0,850.0,27168.0,16.0,0.0,554.0,4607.0,151.0,2174.0,710.0,26799.0,8.0,0.0,480.0,4865.0,293.0,92.42684575529259,105.97605815640833,1.1465939066771613,1
98,8570.0,28.39781418,83.08592627,35357.0,2021.0,2022.0,1553.0,1533.0,13783.0,206.0,0.0,4274.0,13882.0,126.0,1279.0,6.0,13067.0,1007.0,0.0,3954.0,15971.0,73.0,1481.0,107.0,13686.0,7.0,0.0,3196.0,16831.0,49.0,1810.0,0.0,13804.0,146.0,0.0,3383.0,16125.0,89.0,2629.0,34.0,13893.0,1.0,0.0,3256.0,15395.0,149.0,2632.0,0.0,13930.0,79.0,0.0,3169.0,15228.0,319.0,1786.0,1.0,13820.0,190.0,0.0,4214.0,15097.0,249.0,119.18055480976601,-1.7593116018454187,-0.01476173361211149,0
99,8571.0,28.32815722,83.97788911,35350.0,2021.0,2022.0,1115.0,0.0,30990.0,62.0,0.0,722.0,2432.0,29.0,990.0,54.0,31288.0,100.0,0.0,791.0,2026.0,101.0,1009.0,0.0,31788.0,13.0,0.0,584.0,1921.0,35.0,935.0,0.0,32851.0,170.0,0.0,621.0,703.0,70.0,1262.0,2.0,32101.0,381.0,0.0,642.0,933.0,29.0,1332.0,0.0,31839.0,497.0,0.0,394.0,1251.0,37.0,1394.0,18.0,32115.0,15.0,0.0,648.0,1159.0,1.0,-540.7087180541071,204.03979361251876,-0.37735621194866903,1
100,8572.0,28.3668984,83.13118621,35351.0,2021.0,2022.0,1492.0,182.0,18887.0,19.0,0.0,808.0,13960.0,3.0,718.0,124.0,19859.0,446.0,0.0,1103.0,11977.0,1106.0,1568.0,5.0,20084.0,21.0,0.0,413.0,12699.0,561.0,839.0,7.0,18687.0,4.0,0.0,896.0,14451.0,467.0,1568.0,0.0,18838.0,0.0,0.0,561.0,14123.0,261.0,1862.0,17.0,18660.0,37.0,0.0,449.0,13910.0,416.0,1684.0,11.0,18530.0,46.0,0.0,818.0,13989.0,273.0,-34.09298721695347,82.52944023509103,-2.4207160173412876,1
101,8573.0,28.13300964,83.45802233,30075.0,2021.0,2022.0,1114.0,731.0,23289.0,3.0,0.0,234.0,4704.0,0.0,1137.0,3.0,30084.0,669.0,0.0,2284.0,1093.0,0.0,1043.0,112.0,29952.0,68.0,0.0,1678.0,2417.0,0.0,928.0,1.0,30359.0,73.0,0.0,1215.0,2694.0,0.0,824.0,106.0,30669.0,15.0,0.0,1480.0,2176.0,0.0,713.0,10.0,30127.0,0.0,0.0,1738.0,2682.0,0.0,1257.0,3.0,30035.0,15.0,0.0,768.0,3192.0,0.0,-282.41023974768655,93.48021566408661,-0.3310085914292787,1
102,8574.0,28.39271703,83.03088439,35364.0,2021.0,2022.0,1268.0,84.0,15816.0,546.0,0.0,4424.0,13226.0,0.0,648.0,117.0,17312.0,2575.0,0.0,2388.0,12301.0,23.0,901.0,1.0,17300.0,216.0,0.0,4594.0,12244.0,108.0,955.0,2.0,16561.0,0.0,0.0,4010.0,13782.0,54.0,1274.0,0.0,17068.0,35.0,0.0,3314.0,13616.0,57.0,1605.0,21.0,17356.0,307.0,0.0,2695.0,13287.0,93.0,1223.0,47.0,17101.0,383.0,0.0,3402.0,13208.0,0.0,-62.34568611930634,93.98150955721977,-1.5074260210622157,1
103,8575.0,28.39721086,83.26028459,35364.0,2021.0,2022.0,202.0,885.0,24570.0,559.0,0.0,773.0,8375.0,0.0,163.0,0.0,26759.0,56.0,0.0,2267.0,6116.0,3.0,278.0,10.0,26220.0,6.0,0.0,1619.0,7231.0,0.0,393.0,0.0,26791.0,14.0,0.0,1815.0,6341.0,10.0,427.0,0.0,25624.0,33.0,0.0,1138.0,8128.0,14.0,570.0,0.0,26986.0,100.0,0.0,1460.0,6240.0,8.0,442.0,0.0,25859.0,24.0,0.0,1194.0,7830.0,15.0,395.205509713469,285.09840987434666,0.7213928016364146,0
104,8576.0,28.30917642,83.44374715,35335.0,2021.0,2022.0,48.0,9.0,32911.0,0.0,0.0,167.0,2200.0,0.0,27.0,0.0,33769.0,244.0,0.0,142.0,1153.0,0.0,8.0,0.0,33354.0,29.0,0.0,172.0,1772.0,0.0,18.0,0.0,33466.0,29.0,0.0,38.0,1784.0,0.0,0.0,0.0,33501.0,7.0,0.0,20.0,1807.0,0.0,0.0,0.0,32903.0,0.0,0.0,97.0,2335.0,0.0,0.0,0.0,32876.0,22.0,0.0,69.0,2368.0,0.0,-2211.607809359748,-3926.111111111109,1.7752293577981637,0
105,8582.0,27.81251125,85.04508694,35168.0,2021.0,2022.0,1166.0,70.0,31063.0,0.0,0.0,81.0,2787.0,1.0,1337.0,62.0,32808.0,8.0,0.0,147.0,794.0,12.0,1644.0,22.0,31691.0,0.0,0.0,74.0,1735.0,2.0,1548.0,9.0,31959.0,0.0,0.0,338.0,1303.0,11.0,1560.0,25.0,32109.0,0.0,0.0,186.0,1277.0,11.0,1637.0,0.0,32181.0,0.0,0.0,120.0,1227.0,3.0,1431.0,30.0,32165.0,0.0,0.0,274.0,1266.0,2.0,185.264183744686,-222.13075149838266,-1.1989945763316172,0
106,8583.0,27.77917522,84.7417171,35169.0,2021.0,2022.0,983.0,3088.0,22803.0,0.0,0.0,68.0,8227.0,0.0,1301.0,5.0,30946.0,124.0,0.0,49.0,2744.0,0.0,1376.0,12.0,28243.0,0.0,0.0,61.0,5477.0,0.0,663.0,5.0,28332.0,0.0,0.0,109.0,6060.0,0.0,993.0,0.0,27046.0,0.0,0.0,283.0,6847.0,0.0,912.0,21.0,28980.0,0.0,0.0,117.0,5139.0,0.0,841.0,95.0,28980.0,0.0,0.0,80.0,5173.0,0.0,-48.66973778958889,134.27864520778286,-2.758976138073767,1
107,8586.0,27.95605272,84.79224956,247.0,2021.0,2022.0,0.0,0.0,220.0,0.0,0.0,0.0,27.0,0.0,376.0,5.0,33606.0,126.0,0.0,163.0,940.0,0.0,505.0,0.0,33217.0,32.0,0.0,76.0,1386.0,0.0,484.0,0.0,33696.0,10.0,0.0,169.0,857.0,0.0,595.0,0.0,33113.0,27.0,0.0,479.0,1002.0,0.0,519.0,0.0,33334.0,16.0,0.0,343.0,1004.0,0.0,339.0,0.0,33163.0,0.0,0.0,375.0,1339.0,0.0,168.8694045977953,-260.26881106137415,-1.5412431380407208,0
108,8587.0,27.92418742,84.1776855,35213.0,2021.0,2022.0,1924.0,3321.0,20106.0,79.0,0.0,818.0,8965.0,0.0,1397.0,157.0,29642.0,1665.0,0.0,856.0,1398.0,0.0,2193.0,1221.0,23869.0,208.0,0.0,1216.0,6506.0,0.0,1892.0,50.0,26861.0,67.0,0.0,2531.0,3812.0,0.0,2149.0,9.0,24200.0,47.0,0.0,5516.0,3292.0,0.0,2301.0,0.0,25090.0,89.0,0.0,4365.0,3368.0,0.0,2589.0,684.0,26285.0,463.0,0.0,2328.0,2831.0,33.0,37.33705152246838,155.052545821649,4.152779598258925,1
109,8588.0,27.42980316,85.34690574,35044.0,2021.0,2022.0,383.0,597.0,23445.0,93.0,29.0,1209.0,9189.0,50.0,563.0,1251.0,26078.0,119.0,0.0,1984.0,4982.0,67.0,931.0,1020.0,25154.0,40.0,0.0,2062.0,5729.0,108.0,1048.0,876.0,24766.0,0.0,0.0,2293.0,6008.0,53.0,1547.0,1143.0,23488.0,0.0,0.0,1919.0,6617.0,330.0,1648.0,1203.0,23513.0,2.0,1.0,1417.0,6391.0,869.0,1732.0,1194.0,24003.0,1.0,0.0,1982.0,5502.0,630.0,142.86436515487804,133.73592865264783,0.9361041748071035,0
110,8589.0,27.52127706,85.68186195,35087.0,2021.0,2022.0,3177.0,284.0,19244.0,119.0,57.0,636.0,11570.0,0.0,4110.0,88.0,18808.0,123.0,172.0,1742.0,9749.0,295.0,4479.0,82.0,17447.0,41.0,18.0,1410.0,11160.0,450.0,4882.0,41.0,18869.0,13.0,0.0,2064.0,8699.0,519.0,5982.0,175.0,18817.0,45.0,7.0,1479.0,8085.0,497.0,6153.0,283.0,19477.0,378.0,0.0,808.0,7556.0,432.0,5110.0,243.0,20880.0,134.0,0.0,932.0,7750.0,38.0,60.43941832546184,12.618305877790501,0.2087760972457056,0
111,8590.0,27.44021687,85.5170715,35054.0,2021.0,2022.0,26.0,2.0,23329.0,10.0,0.0,32.0,11655.0,0.0,237.0,0.0,24381.0,411.0,0.0,435.0,9590.0,0.0,483.0,0.0,24603.0,32.0,0.0,298.0,9638.0,0.0,399.0,0.0,24395.0,7.0,0.0,139.0,10114.0,0.0,439.0,0.0,22751.0,2.0,0.0,152.0,11710.0,0.0,487.0,0.0,23648.0,66.0,0.0,79.0,10774.0,0.0,374.0,0.0,23965.0,0.0,0.0,122.0,10593.0,0.0,196.7807285401437,-64.6774865889901,-0.32867795067541766,0
112,8591.0,27.60730086,85.65839233,35104.0,2021.0,2022.0,6229.0,0.0,19642.0,0.0,0.0,4533.0,4700.0,0.0,6594.0,0.0,19797.0,0.0,0.0,6803.0,1910.0,0.0,6932.0,0.0,19774.0,0.0,0.0,5187.0,3211.0,0.0,7611.0,0.0,19359.0,0.0,0.0,5137.0,2997.0,0.0,8408.0,0.0,18368.0,0.0,0.0,6041.0,2287.0,0.0,8660.0,0.0,18913.0,0.0,0.0,5619.0,1912.0,0.0,7520.0,0.0,20352.0,0.0,0.0,5540.0,1692.0,0.0,75.91459710455833,-0.37847599523477315,-0.004985549679114972,0
113,8592.0,28.90898277,81.6468272,21816.0,2021.0,2022.0,125.0,1018.0,16050.0,189.0,20.0,925.0,3189.0,300.0,0.0,1238.0,20745.0,418.0,119.0,8008.0,4609.0,402.0,0.0,1301.0,20311.0,300.0,214.0,5235.0,7594.0,584.0,0.0,1212.0,18897.0,1.0,161.0,8506.0,6118.0,644.0,2.0,1295.0,21633.0,56.0,127.0,5023.0,7084.0,319.0,1.0,1365.0,22280.0,957.0,68.0,5345.0,5238.0,285.0,99.0,1243.0,19516.0,16.0,82.0,9806.0,4439.0,338.0,-349.05599999999976,730.016932685635,-2.09140347877027,1
114,8595.0,28.91570614,82.44339611,25515.0,2021.0,2022.0,0.0,0.0,21865.0,3446.0,0.0,0.0,204.0,0.0,0.0,0.0,20329.0,79.0,0.0,719.0,4387.0,1.0,0.0,0.0,20721.0,262.0,0.0,257.0,4272.0,3.0,0.0,0.0,20574.0,77.0,0.0,281.0,4499.0,84.0,0.0,0.0,22806.0,563.0,0.0,335.0,5549.0,152.0,10.0,0.0,28540.0,2443.0,0.0,408.0,4137.0,6.0,6.0,0.0,28171.0,809.0,0.0,272.0,6286.0,0.0,0.0,6911.333333333332,inf,-1
115,8596.0,28.35968669,81.95765268,35346.0,2021.0,2022.0,277.0,0.0,33139.0,828.0,0.0,194.0,508.0,400.0,163.0,0.0,30040.0,63.0,0.0,140.0,4688.0,252.0,164.0,2.0,28729.0,96.0,0.0,133.0,5968.0,254.0,235.0,0.0,29680.0,42.0,0.0,50.0,5101.0,238.0,217.0,0.0,28526.0,2.0,0.0,71.0,6386.0,144.0,182.0,0.0,31579.0,64.0,0.0,109.0,3349.0,63.0,229.0,0.0,28620.0,0.0,0.0,235.0,6258.0,4.0,-234.0484704012715,-555.3099155180075,2.3726278345931493,0
116,8602.0,29.81186463,81.96150322,35855.0,2021.0,2022.0,763.0,0.0,16455.0,2830.0,0.0,4659.0,8565.0,2583.0,376.0,0.0,16736.0,4847.0,0.0,1858.0,11165.0,873.0,213.0,0.0,16983.0,6877.0,0.0,1125.0,10290.0,367.0,571.0,0.0,15984.0,1714.0,0.0,3264.0,12782.0,1540.0,564.0,0.0,15533.0,560.0,0.0,1977.0,15423.0,1798.0,685.0,0.0,15952.0,1253.0,0.0,2791.0,13657.0,1517.0,639.0,0.0,16401.0,4395.0,0.0,2134.0,11924.0,362.0,-77.71577862150987,581.9018251729049,-7.487563471594021,1
117,8603.0,29.77328968,81.9278406,26887.0,2021.0,2022.0,18.0,1860.0,14992.0,423.0,0.0,827.0,8492.0,265.0,0.0,1903.0,23067.0,927.0,0.0,0.0,9461.0,486.0,0.0,1892.0,23337.0,146.0,0.0,0.0,10348.0,121.0,0.0,1896.0,22754.0,122.0,0.0,26.0,10821.0,225.0,0.0,2030.0,19565.0,147.0,0.0,220.0,13738.0,144.0,47.0,2041.0,20938.0,502.0,0.0,198.0,11954.0,164.0,32.0,1906.0,22490.0,32.0,0.0,349.0,10802.0,233.0,-2987.4444444444425,1532.1153788671365,-0.5128515048091731,1
118,8604.0,28.57207629,81.99601228,35427.0,2021.0,2022.0,987.0,3643.0,16924.0,3919.0,0.0,2128.0,5327.0,2499.0,731.0,3469.0,13592.0,822.0,0.0,2703.0,11392.0,2718.0,713.0,3365.0,14747.0,528.0,0.0,1769.0,11419.0,2886.0,765.0,3367.0,14247.0,531.0,0.0,2867.0,10799.0,2851.0,815.0,3641.0,13093.0,470.0,0.0,2597.0,12242.0,2569.0,1539.0,3463.0,16233.0,1269.0,0.0,2982.0,7385.0,2556.0,1430.0,3328.0,16411.0,1093.0,0.0,2657.0,7761.0,2747.0,-249.71215993404843,98.38807956557514,-0.39400596106957886,1
