,Unnamed: 0,built,water,tree,grass,flooded_veg,crop,shrub,bare,year,bridgeId,totalPixels,Latitude,S.No,Longitude,start_year,end_year
0,0,688,40,27045,3120,0,957,3468,0,2015,0,35318,28.26744708,3041,82.78008074,2021,2022
1,1,593,73,30568,95,0,293,3718,0,2015,1,35340,28.29782724,6138,83.40426564,2021,2022
2,2,3783,1,14168,1070,0,15621,462,0,2015,2,35105,27.60849681,7579,84.08100047,2021,2022
3,3,542,1403,15452,3907,0,4640,9372,272,2015,3,35588,29.11384642,8166,81.66137689,2021,2022
4,4,2216,2205,15165,67,38,9889,1132,4377,2015,4,35089,27.56142096,8312,83.91125913,2021,2022
5,5,26,0,25849,3945,0,215,2040,0,2015,6,32075,28.82048495,8389,81.79084565,2021,2022
6,6,142,0,34861,130,0,49,154,0,2015,7,35667,29.3009824,8390,81.63329454,2021,2022
7,7,765,34,31081,903,0,1844,842,0,2015,8,35469,28.70686219,8391,82.20735866,2021,2022
8,8,1,1613,23493,8802,20,78,1180,340,2015,9,35527,28.8827921,8392,82.28924515,2021,2022
9,9,671,137,22878,0,18,357,11122,21,2015,10,35204,27.92135301,8422,85.36466025,2021,2022
10,10,2852,0,8548,1637,0,2671,19437,77,2015,11,35222,27.9716798,8423,85.32049226,2021,2022
11,11,721,1465,25716,0,0,330,6996,0,2015,12,35228,27.97589174,8424,85.4416965,2021,2022
12,12,515,49,26517,2,0,165,7949,0,2015,13,35197,27.90200414,8425,85.32673306,2021,2022
13,13,1531,195,26955,18,0,922,5578,2,2015,14,35201,27.90503584,8426,85.41639862,2021,2022
14,14,1013,0,25084,74,0,1354,7668,0,2015,15,35193,27.85990229,8427,85.32802252,2021,2022
15,15,3018,1372,23284,0,25,975,6321,198,2015,16,35193,27.85960963,8428,85.12761316,2021,2022
16,16,2565,409,25237,80,0,877,5925,123,2015,18,35216,27.94473891,8436,85.0669621,2021,2022
17,17,452,0,25620,148,0,225,8983,0,2015,19,35428,28.56726009,8437,82.42342085,2021,2022
18,18,58,2025,21357,201,15,1399,9756,888,2015,20,35699,29.35298254,8439,80.38205556,2021,2022
19,19,84,19,19917,925,0,4079,10726,0,2015,21,35750,29.49893095,8440,80.57062349,2021,2022
20,20,103,4025,17279,437,659,4076,6920,2129,2015,23,35628,29.18552643,8454,81.02933527,2021,2022
21,21,0,183,3008,0,7,160,354,200,2015,24,3912,27.35291022,8455,85.54023618,2021,2022
22,22,844,186,22661,218,22,2604,8628,20,2015,32,35183,27.86542269,8463,85.30185161,2021,2022
23,23,0,56,31576,586,0,732,2123,377,2015,35,35450,28.66533543,8466,81.9943601,2021,2022
24,24,729,0,23841,3132,0,572,7250,3,2015,36,35527,28.89022184,8467,81.94350566,2021,2022
25,25,5,0,33399,372,0,149,1546,0,2015,37,35471,28.75123098,8468,82.19125484,2021,2022
26,26,1003,0,16068,1679,88,1846,14567,258,2015,38,35509,28.79607749,8469,82.05413939,2021,2022
27,27,247,654,9561,1019,0,3565,11558,9045,2015,39,35649,29.22677498,8470,81.92578267,2021,2022
28,28,0,269,17062,1809,0,2416,11368,2719,2015,40,35643,29.19777887,8471,82.04724307,2021,2022
29,29,440,415,5515,3187,0,3278,13659,9150,2015,41,35648,29.20527612,8472,81.90776266,2021,2022
30,30,0,241,17085,568,0,1771,11192,4806,2015,42,35663,29.24848385,8473,81.94756164,2021,2022
31,31,2033,0,19561,92,0,3114,10518,0,2016,0,35318,28.26744708,3041,82.78008074,2021,2022
32,32,471,0,30544,580,0,864,2881,0,2016,1,35340,28.29782724,6138,83.40426564,2021,2022
33,33,3504,46,18235,7,0,13242,71,0,2016,2,35105,27.60849681,7579,84.08100047,2021,2022
34,34,353,1384,15470,525,0,2779,14968,123,2016,3,35602,29.11384642,8166,81.66137689,2021,2022
35,35,1746,2656,17071,89,0,8538,559,4430,2016,4,35089,27.56142096,8312,83.91125913,2021,2022
36,36,0,0,24050,108,0,521,10831,0,2016,6,35510,28.82048495,8389,81.79084565,2021,2022
37,37,0,0,34632,85,0,11,894,0,2016,7,35667,29.3009824,8390,81.63329454,2021,2022
38,38,996,0,29189,0,0,2974,2310,0,2016,8,35469,28.70686219,8391,82.20735866,2021,2022
39,39,495,1514,18606,2685,1,824,10258,1144,2016,9,35527,28.8827921,8392,82.28924515,2021,2022
40,40,1596,486,23291,65,0,779,8983,4,2016,10,35204,27.92135301,8422,85.36466025,2021,2022
41,41,4486,0,8166,6288,0,1727,14555,0,2016,11,35222,27.9716798,8423,85.32049226,2021,2022
42,42,1498,63,27912,28,0,189,5538,0,2016,12,35228,27.97589174,8424,85.4416965,2021,2022
43,43,760,0,26738,72,0,763,6864,0,2016,13,35197,27.90200414,8425,85.32673306,2021,2022
44,44,1790,20,28317,182,0,1477,3415,0,2016,14,35201,27.90503584,8426,85.41639862,2021,2022
45,45,827,0,26094,187,0,2055,6030,0,2016,15,35193,27.85990229,8427,85.32802252,2021,2022
46,46,4865,1468,25583,21,1,1040,2101,114,2016,16,35193,27.85960963,8428,85.12761316,2021,2022
47,47,3790,11,27347,177,0,1100,2477,314,2016,18,35216,27.94473891,8436,85.0669621,2021,2022
48,48,466,0,22519,0,0,1167,11276,0,2016,19,35428,28.56726009,8437,82.42342085,2021,2022
49,49,1,2052,22077,0,3,1759,8480,1327,2016,20,35699,29.35298254,8439,80.38205556,2021,2022
50,50,171,11,19999,377,0,4270,10918,4,2016,21,35750,29.49893095,8440,80.57062349,2021,2022
51,51,54,3777,17309,210,0,6127,5984,2167,2016,23,35628,29.18552643,8454,81.02933527,2021,2022
52,52,90,703,30358,317,0,1202,1819,526,2016,24,35026,27.35291022,8455,85.54023618,2021,2022
53,53,1957,421,21805,768,0,3589,6637,6,2016,32,35183,27.86542269,8463,85.30185161,2021,2022
54,54,0,61,26673,1,0,291,8187,237,2016,35,35450,28.66533543,8466,81.9943601,2021,2022
55,55,125,0,16747,191,0,3767,14543,154,2016,36,35527,28.89022184,8467,81.94350566,2021,2022
56,56,21,0,28586,0,0,1792,5072,0,2016,37,35471,28.75123098,8468,82.19125484,2021,2022
57,57,0,0,11894,306,0,4761,18039,509,2016,38,35509,28.79607749,8469,82.05413939,2021,2022
58,58,260,803,11006,2109,0,2767,16676,2028,2016,39,35649,29.22677498,8470,81.92578267,2021,2022
59,59,0,241,18557,12896,0,73,3681,195,2016,40,35643,29.19777887,8471,82.04724307,2021,2022
60,60,535,543,7116,4809,0,2236,17364,3039,2016,41,35648,29.20527612,8472,81.90776266,2021,2022
61,61,0,327,17875,3931,0,1039,11221,1270,2016,42,35663,29.24848385,8473,81.94756164,2021,2022
62,62,1529,0,19016,0,0,2323,12450,0,2017,0,35318,28.26744708,3041,82.78008074,2021,2022
63,63,546,0,30950,193,0,549,3102,0,2017,1,35340,28.29782724,6138,83.40426564,2021,2022
64,64,4209,14,15740,0,0,14699,443,0,2017,2,35105,27.60849681,7579,84.08100047,2021,2022
65,65,577,1425,16271,723,0,1274,15298,34,2017,3,35602,29.11384642,8166,81.66137689,2021,2022
66,66,2160,2100,16023,26,0,9273,479,5028,2017,4,35089,27.56142096,8312,83.91125913,2021,2022
67,67,0,0,24389,24,0,244,10853,0,2017,6,35510,28.82048495,8389,81.79084565,2021,2022
68,68,0,0,35087,43,0,53,481,3,2017,7,35667,29.3009824,8390,81.63329454,2021,2022
69,69,1221,0,29141,0,0,1791,3315,1,2017,8,35469,28.70686219,8391,82.20735866,2021,2022
70,70,525,1511,17374,674,2,831,13700,910,2017,9,35527,28.8827921,8392,82.28924515,2021,2022
71,71,2433,352,23267,0,0,755,8393,4,2017,10,35204,27.92135301,8422,85.36466025,2021,2022
72,72,5067,0,7459,338,0,2227,20131,0,2017,11,35222,27.9716798,8423,85.32049226,2021,2022
73,73,1751,600,28156,7,0,100,4614,0,2017,12,35228,27.97589174,8424,85.4416965,2021,2022
74,74,1226,0,26135,44,0,427,7365,0,2017,13,35197,27.90200414,8425,85.32673306,2021,2022
75,75,1762,7,28310,25,0,963,4134,0,2017,14,35201,27.90503584,8426,85.41639862,2021,2022
76,76,1664,0,25984,211,0,2037,5297,0,2017,15,35193,27.85990229,8427,85.32802252,2021,2022
77,77,6153,1929,22530,0,27,586,3873,95,2017,16,35193,27.85960963,8428,85.12761316,2021,2022
78,78,4065,4,25713,100,0,1158,4110,66,2017,18,35216,27.94473891,8436,85.0669621,2021,2022
79,79,571,0,23206,0,0,587,11064,0,2017,19,35428,28.56726009,8437,82.42342085,2021,2022
80,80,25,2147,21921,0,5,1498,9270,833,2017,20,35699,29.35298254,8439,80.38205556,2021,2022
81,81,169,15,20912,113,0,4216,10325,0,2017,21,35750,29.49893095,8440,80.57062349,2021,2022
82,82,105,3803,17430,250,0,5071,7042,1927,2017,23,35628,29.18552643,8454,81.02933527,2021,2022
83,83,139,675,29713,89,0,1325,2645,440,2017,24,35026,27.35291022,8455,85.54023618,2021,2022
84,84,3250,268,22152,222,0,4039,5242,10,2017,32,35183,27.86542269,8463,85.30185161,2021,2022
85,85,0,87,29408,0,0,151,5448,356,2017,35,35450,28.66533543,8466,81.9943601,2021,2022
86,86,152,0,17744,352,0,2194,15011,74,2017,36,35527,28.89022184,8467,81.94350566,2021,2022
87,87,44,0,27598,0,0,1081,6748,0,2017,37,35471,28.75123098,8468,82.19125484,2021,2022
88,88,0,0,11553,108,0,2635,20918,295,2017,38,35509,28.79607749,8469,82.05413939,2021,2022
89,89,147,680,10050,1296,0,1493,18652,3331,2017,39,35649,29.22677498,8470,81.92578267,2021,2022
90,90,0,166,17379,9180,0,413,5765,2740,2017,40,35643,29.19777887,8471,82.04724307,2021,2022
91,91,491,278,5963,1616,0,3649,17966,5685,2017,41,35648,29.20527612,8472,81.90776266,2021,2022
92,92,0,262,17133,2961,0,407,11794,3106,2017,42,35663,29.24848385,8473,81.94756164,2021,2022
93,93,1529,0,19795,0,0,2621,11373,0,2018,0,35318,28.26744708,3041,82.78008074,2021,2022
94,94,666,0,31201,229,0,261,2983,0,2018,1,35340,28.29782724,6138,83.40426564,2021,2022
95,95,4945,7,15144,0,0,14779,230,0,2018,2,35105,27.60849681,7579,84.08100047,2021,2022
96,96,332,1290,16234,7,0,2000,15694,45,2018,3,35602,29.11384642,8166,81.66137689,2021,2022
97,97,1966,2165,16202,20,0,9026,886,4824,2018,4,35089,27.56142096,8312,83.91125913,2021,2022
98,98,0,0,24408,1,0,139,10962,0,2018,6,35510,28.82048495,8389,81.79084565,2021,2022
99,99,0,0,34918,25,0,12,695,17,2018,7,35667,29.3009824,8390,81.63329454,2021,2022
100,100,1343,0,28562,0,0,2512,3052,0,2018,8,35469,28.70686219,8391,82.20735866,2021,2022
101,101,667,1431,15608,153,2,803,15785,1078,2018,9,35527,28.8827921,8392,82.28924515,2021,2022
102,102,2962,333,24312,0,9,1149,6439,0,2018,10,35204,27.92135301,8422,85.36466025,2021,2022
103,103,5077,0,7259,361,0,2974,19549,2,2018,11,35222,27.9716798,8423,85.32049226,2021,2022
104,104,1377,32,27870,140,0,21,5702,86,2018,12,35228,27.97589174,8424,85.4416965,2021,2022
105,105,1254,0,26897,0,0,172,6874,0,2018,13,35197,27.90200414,8425,85.32673306,2021,2022
106,106,1769,5,28385,43,0,683,4316,0,2018,14,35201,27.90503584,8426,85.41639862,2021,2022
107,107,1966,0,27369,52,0,2080,3726,0,2018,15,35193,27.85990229,8427,85.32802252,2021,2022
108,108,6720,1891,22890,5,6,1056,2527,98,2018,16,35193,27.85960963,8428,85.12761316,2021,2022
109,109,4120,0,26078,8,0,2190,2798,22,2018,18,35216,27.94473891,8436,85.0669621,2021,2022
110,110,824,0,22842,0,0,727,11035,0,2018,19,35428,28.56726009,8437,82.42342085,2021,2022
111,111,0,2082,23718,0,4,736,8199,960,2018,20,35699,29.35298254,8439,80.38205556,2021,2022
112,112,178,9,20218,188,0,5021,10136,0,2018,21,35750,29.49893095,8440,80.57062349,2021,2022
113,113,76,3615,16058,19,0,7087,6664,2109,2018,23,35628,29.18552643,8454,81.02933527,2021,2022
114,114,38,927,29203,0,0,995,3612,251,2018,24,35026,27.35291022,8455,85.54023618,2021,2022
115,115,3178,81,21412,6,0,7029,3476,1,2018,32,35183,27.86542269,8463,85.30185161,2021,2022
116,116,0,39,28397,0,0,145,6486,383,2018,35,35450,28.66533543,8466,81.9943601,2021,2022
117,117,124,0,17768,111,0,2844,14676,4,2018,36,35527,28.89022184,8467,81.94350566,2021,2022
118,118,15,0,28485,0,0,1040,5931,0,2018,37,35471,28.75123098,8468,82.19125484,2021,2022
119,119,57,0,11431,92,0,3224,20508,197,2018,38,35509,28.79607749,8469,82.05413939,2021,2022
120,120,81,615,8954,37,0,4677,18985,2300,2018,39,35649,29.22677498,8470,81.92578267,2021,2022
121,121,0,195,15659,2132,0,3519,8963,5175,2018,40,35643,29.19777887,8471,82.04724307,2021,2022
122,122,448,356,5430,219,0,8817,16705,3671,2018,41,35648,29.20527612,8472,81.90776266,2021,2022
123,123,0,292,16755,1424,0,2606,11351,3235,2018,42,35663,29.24848385,8473,81.94756164,2021,2022
124,124,2541,0,20755,0,0,1768,10254,0,2019,0,35318,28.26744708,3041,82.78008074,2021,2022
125,125,712,0,32106,101,0,100,2319,2,2019,1,35340,28.29782724,6138,83.40426564,2021,2022
126,126,5624,15,13597,0,0,15300,569,0,2019,2,35105,27.60849681,7579,84.08100047,2021,2022
127,127,498,1536,16091,655,0,402,16420,0,2019,3,35602,29.11384642,8166,81.66137689,2021,2022
128,128,2354,2191,14377,0,0,8908,2386,4873,2019,4,35089,27.56142096,8312,83.91125913,2021,2022
129,129,0,0,25140,41,0,83,10246,0,2019,6,35510,28.82048495,8389,81.79084565,2021,2022
130,130,0,0,34845,76,0,0,723,23,2019,7,35667,29.3009824,8390,81.63329454,2021,2022
131,131,1317,0,28382,0,0,2957,2813,0,2019,8,35469,28.70686219,8391,82.20735866,2021,2022
132,132,912,1593,16476,631,9,714,14050,1142,2019,9,35527,28.8827921,8392,82.28924515,2021,2022
133,133,5811,317,22609,0,0,808,5652,7,2019,10,35204,27.92135301,8422,85.36466025,2021,2022
134,134,6363,0,7911,109,0,2378,18461,0,2019,11,35222,27.9716798,8423,85.32049226,2021,2022
135,135,1701,568,27505,0,0,16,5269,169,2019,12,35228,27.97589174,8424,85.4416965,2021,2022
136,136,2562,0,27038,0,0,604,4993,0,2019,13,35197,27.90200414,8425,85.32673306,2021,2022
137,137,2229,4,27673,0,0,787,4508,0,2019,14,35201,27.90503584,8426,85.41639862,2021,2022
138,138,3288,0,27275,34,0,1273,3320,3,2019,15,35193,27.85990229,8427,85.32802252,2021,2022
139,139,7641,1863,22100,84,103,1230,2079,93,2019,16,35193,27.85960963,8428,85.12761316,2021,2022
140,140,4291,10,25413,7,0,1313,3988,194,2019,18,35216,27.94473891,8436,85.0669621,2021,2022
141,141,1048,0,23388,0,0,574,10418,0,2019,19,35428,28.56726009,8437,82.42342085,2021,2022
142,142,0,2226,22242,0,2,606,9892,731,2019,20,35699,29.35298254,8439,80.38205556,2021,2022
143,143,253,12,20411,388,0,2005,12520,161,2019,21,35750,29.49893095,8440,80.57062349,2021,2022
144,144,76,3769,16055,13,0,7084,6647,1984,2019,23,35628,29.18552643,8454,81.02933527,2021,2022
145,145,20,1208,28655,3,1,1425,3428,286,2019,24,35026,27.35291022,8455,85.54023618,2021,2022
146,146,4314,133,22389,6,0,5641,2700,0,2019,32,35183,27.86542269,8463,85.30185161,2021,2022
147,147,0,1,29156,0,0,323,5855,115,2019,35,35450,28.66533543,8466,81.9943601,2021,2022
148,148,192,0,18085,528,0,2406,14296,20,2019,36,35527,28.89022184,8467,81.94350566,2021,2022
149,149,63,0,28341,0,0,470,6597,0,2019,37,35471,28.75123098,8468,82.19125484,2021,2022
150,150,175,0,14336,72,0,2657,17923,346,2019,38,35509,28.79607749,8469,82.05413939,2021,2022
151,151,100,818,9291,1049,0,596,22266,1529,2019,39,35649,29.22677498,8470,81.92578267,2021,2022
152,152,0,441,14898,2154,11,522,10311,7306,2019,40,35643,29.19777887,8471,82.04724307,2021,2022
153,153,298,772,5915,3376,3,2179,19174,3931,2019,41,35648,29.20527612,8472,81.90776266,2021,2022
154,154,0,570,16676,4703,4,155,12041,1514,2019,42,35663,29.24848385,8473,81.94756164,2021,2022
155,155,2690,0,22023,12,0,949,9644,0,2020,0,35318,28.26744708,3041,82.78008074,2021,2022
156,156,691,0,31755,106,0,263,2525,0,2020,1,35340,28.29782724,6138,83.40426564,2021,2022
157,157,5489,0,15252,0,0,14233,131,0,2020,2,35105,27.60849681,7579,84.08100047,2021,2022
158,158,643,1228,17374,1028,0,419,14784,126,2020,3,35602,29.11384642,8166,81.66137689,2021,2022
159,159,2516,2783,16058,41,17,8852,1599,3223,2020,4,35089,27.56142096,8312,83.91125913,2021,2022
160,160,5,0,25665,256,0,79,9505,0,2020,6,35510,28.82048495,8389,81.79084565,2021,2022
161,161,0,0,34959,61,0,0,642,5,2020,7,35667,29.3009824,8390,81.63329454,2021,2022
162,162,1108,0,29199,0,0,2824,2338,0,2020,8,35469,28.70686219,8391,82.20735866,2021,2022
163,163,1323,1601,16425,1939,0,692,12053,1494,2020,9,35527,28.8827921,8392,82.28924515,2021,2022
164,164,5621,285,21128,0,0,1001,7169,0,2020,10,35204,27.92135301,8422,85.36466025,2021,2022
165,165,5775,0,7359,282,0,1676,20125,5,2020,11,35222,27.9716798,8423,85.32049226,2021,2022
166,166,1672,129,27737,59,0,13,5440,178,2020,12,35228,27.97589174,8424,85.4416965,2021,2022
167,167,2664,0,26239,23,0,771,5500,0,2020,13,35197,27.90200414,8425,85.32673306,2021,2022
168,168,1974,0,28046,36,0,1002,4143,0,2020,14,35201,27.90503584,8426,85.41639862,2021,2022
169,169,3623,0,26590,74,0,1951,2955,0,2020,15,35193,27.85990229,8427,85.32802252,2021,2022
170,170,7869,1755,22150,26,21,444,2830,98,2020,16,35193,27.85960963,8428,85.12761316,2021,2022
171,171,3570,0,25629,33,0,948,4822,214,2020,18,35216,27.94473891,8436,85.0669621,2021,2022
172,172,1784,0,22761,0,0,779,10104,0,2020,19,35428,28.56726009,8437,82.42342085,2021,2022
173,173,0,2205,20413,2,2,1287,11098,692,2020,20,35699,29.35298254,8439,80.38205556,2021,2022
174,174,156,12,20305,969,0,2601,11625,82,2020,21,35750,29.49893095,8440,80.57062349,2021,2022
175,175,102,3898,18774,53,0,5902,5101,1798,2020,23,35628,29.18552643,8454,81.02933527,2021,2022
176,176,1,836,28614,23,0,1336,3676,540,2020,24,35026,27.35291022,8455,85.54023618,2021,2022
177,177,4431,222,22096,276,2,5271,2885,0,2020,32,35183,27.86542269,8463,85.30185161,2021,2022
178,178,0,36,30264,0,0,458,4109,583,2020,35,35450,28.66533543,8466,81.9943601,2021,2022
179,179,209,0,17756,765,0,2673,14066,58,2020,36,35527,28.89022184,8467,81.94350566,2021,2022
180,180,11,0,27476,0,0,1133,6851,0,2020,37,35471,28.75123098,8468,82.19125484,2021,2022
181,181,181,0,14358,222,0,2210,18050,488,2020,38,35509,28.79607749,8469,82.05413939,2021,2022
182,182,105,750,9246,1587,5,1314,20159,2483,2020,39,35649,29.22677498,8470,81.92578267,2021,2022
183,183,0,342,16178,4848,4,420,8122,5729,2020,40,35643,29.19777887,8471,82.04724307,2021,2022
184,184,628,537,6075,3188,0,3040,17403,4777,2020,41,35648,29.20527612,8472,81.90776266,2021,2022
185,185,0,468,17147,4533,3,126,11808,1578,2020,42,35663,29.24848385,8473,81.94756164,2021,2022
186,186,2280,0,22656,0,0,1522,8860,0,2021,0,35318,28.26744708,3041,82.78008074,2021,2022
187,187,534,0,31895,33,0,184,2687,7,2021,1,35340,28.29782724,6138,83.40426564,2021,2022
188,188,5976,142,12873,0,0,16063,46,5,2021,2,35105,27.60849681,7579,84.08100047,2021,2022
189,189,695,1542,17670,1708,0,787,13186,14,2021,3,35602,29.11384642,8166,81.66137689,2021,2022
190,190,2671,2451,14394,61,0,9276,1445,4791,2021,4,35089,27.56142096,8312,83.91125913,2021,2022
191,191,12,0,25240,0,0,84,10174,0,2021,6,35510,28.82048495,8389,81.79084565,2021,2022
192,192,0,0,34886,3,0,104,674,0,2021,7,35667,29.3009824,8390,81.63329454,2021,2022
193,193,1065,0,28713,5,0,3239,2447,0,2021,8,35469,28.70686219,8391,82.20735866,2021,2022
194,194,1654,1744,17448,662,0,954,11925,1140,2021,9,35527,28.8827921,8392,82.28924515,2021,2022
195,195,4207,201,23670,0,0,1841,5283,2,2021,10,35204,27.92135301,8422,85.36466025,2021,2022
196,196,5328,0,8515,192,0,2697,18490,0,2021,11,35222,27.9716798,8423,85.32049226,2021,2022
197,197,1097,143,29041,34,0,0,4797,115,2021,12,35228,27.97589174,8424,85.4416965,2021,2022
198,198,1758,0,27262,0,0,998,5179,0,2021,13,35197,27.90200414,8425,85.32673306,2021,2022
199,199,1580,0,27360,2,0,1174,5085,0,2021,14,35201,27.90503584,8426,85.41639862,2021,2022
200,200,2458,0,26397,18,0,2600,3710,10,2021,15,35193,27.85990229,8427,85.32802252,2021,2022
201,201,7527,1740,22974,0,31,508,2354,59,2021,16,35193,27.85960963,8428,85.12761316,2021,2022
202,202,3449,0,26639,6,0,873,4143,106,2021,18,35216,27.94473891,8436,85.0669621,2021,2022
203,203,393,0,23295,0,0,253,11487,0,2021,19,35428,28.56726009,8437,82.42342085,2021,2022
204,204,0,2561,22636,0,5,1813,7798,886,2021,20,35699,29.35298254,8439,80.38205556,2021,2022
205,205,121,24,21884,731,0,4201,8789,0,2021,21,35750,29.49893095,8440,80.57062349,2021,2022
206,206,92,3978,19462,42,0,6409,3363,2282,2021,23,35628,29.18552643,8454,81.02933527,2021,2022
207,207,2,688,28625,7,0,1119,3858,727,2021,24,35026,27.35291022,8455,85.54023618,2021,2022
208,208,3297,68,22362,98,0,6754,2604,0,2021,32,35183,27.86542269,8463,85.30185161,2021,2022
209,209,0,116,30747,0,0,326,3490,771,2021,35,35450,28.66533543,8466,81.9943601,2021,2022
210,210,235,12,18500,219,0,2539,14013,9,2021,36,35527,28.89022184,8467,81.94350566,2021,2022
211,211,0,0,27952,0,0,811,6708,0,2021,37,35471,28.75123098,8468,82.19125484,2021,2022
212,212,103,0,14196,261,0,3395,17468,86,2021,38,35509,28.79607749,8469,82.05413939,2021,2022
213,213,153,868,10158,1493,0,2536,19674,767,2021,39,35649,29.22677498,8470,81.92578267,2021,2022
214,214,0,320,16913,5484,0,3388,7325,2213,2021,40,35643,29.19777887,8471,82.04724307,2021,2022
215,215,556,583,7486,4571,0,4254,16005,2193,2021,41,35648,29.20527612,8472,81.90776266,2021,2022
216,216,0,504,17221,2514,1,3097,10593,1733,2021,42,35663,29.24848385,8473,81.94756164,2021,2022
217,0,1379,1185,8985,7442,0,3121,11348,2223,2015,44,35683,29.33431355,8475,81.98157663,2021,2022
218,1,1740,0,13007,7543,0,736,7913,3603,2015,45,34542,29.38827771,8476,81.34136861,2021,2022
219,2,96,0,24261,88,0,152,10563,0,2015,46,35160,27.79720808,8477,85.17941055,2021,2022
220,3,374,368,17475,684,239,1676,12094,2691,2015,47,35601,29.09495949,8478,80.6649946,2021,2022
221,4,370,7,25393,166,0,316,9437,7,2015,48,35696,29.36268046,8479,80.92480647,2021,2022
222,5,34,30,10909,2652,0,4030,7875,638,2015,49,26168,29.19115059,8480,82.06174597,2021,2022
223,6,0,0,220,0,0,0,0,0,2015,52,220,29.0061011,8483,81.55583539,2021,2022
224,7,28,0,7907,20,0,106,361,0,2015,55,8422,28.76587749,8486,81.69452301,2021,2022
225,8,88,0,19826,0,0,3050,11990,845,2015,57,35799,29.63516342,8488,82.03426418,2021,2022
226,9,67,0,8425,1020,0,4383,21422,249,2015,58,35566,29.29731781,8489,81.77470697,2021,2022
227,10,621,17,2087,46,0,232,753,0,2015,59,3756,28.43310642,8491,82.18830607,2021,2022
228,11,199,0,524,2163,0,925,2562,93,2015,60,6466,29.10209617,8492,81.78451234,2021,2022
229,12,11,0,10289,53,0,1076,3291,0,2015,61,14720,28.47690535,8493,82.33390362,2021,2022
230,13,10,0,28392,0,0,46,1648,0,2015,62,30096,28.56316572,8494,82.19040767,2021,2022
231,14,62,27,29584,206,0,150,5384,0,2015,63,35413,28.53742552,8495,82.32043789,2021,2022
232,15,64,0,15072,4,0,50,416,0,2015,64,15606,28.4954865,8496,82.1508874,2021,2022
233,16,0,40,30124,2760,0,1164,1349,0,2015,65,35437,28.59394086,8497,82.29118112,2021,2022
234,17,734,185,33717,450,0,240,11,0,2015,66,35337,28.29715563,8498,82.02757741,2021,2022
235,18,30,56,32443,278,0,540,807,1193,2015,67,35347,28.36039218,8499,81.84661675,2021,2022
236,19,1639,0,28680,1025,5,1138,2423,495,2015,68,35405,28.52765285,8500,81.97148351,2021,2022
237,20,622,0,26594,2224,0,2348,3684,0,2015,69,35472,28.69924386,8501,82.44427857,2021,2022
238,21,2016,685,6391,605,11,2241,700,303,2015,70,12952,28.28270839,8502,82.2350942,2021,2022
239,22,3785,609,18288,4403,0,2598,5116,643,2015,71,35442,28.65493068,8503,82.54734907,2021,2022
240,23,0,444,17056,712,0,0,3667,0,2015,72,21879,28.74779829,8504,82.42759305,2021,2022
241,24,28,111,32205,378,0,180,2540,0,2015,73,35442,28.64667388,8505,82.27827949,2021,2022
242,25,0,429,29246,28,0,274,5511,0,2015,74,35488,28.7427801,8506,82.33413209,2021,2022
243,26,186,152,30560,2779,0,134,1612,0,2015,75,35423,28.5928957,8507,82.30676418,2021,2022
244,27,1005,290,30511,221,0,602,2812,0,2015,76,35441,28.59293476,8508,82.44021013,2021,2022
245,28,0,562,34062,171,0,378,294,0,2015,77,35467,28.67594476,8509,82.37699587,2021,2022
246,29,138,264,27425,2904,0,74,2255,0,2015,79,33060,28.67255327,8511,82.35910517,2021,2022
247,30,611,64,25636,499,0,185,8419,0,2015,81,35414,28.56879968,8513,82.50581603,2021,2022
248,31,28,0,14482,453,0,9,1600,0,2015,82,16572,28.62086345,8514,82.39017493,2021,2022
249,32,207,25,26007,63,0,820,8358,0,2015,83,35480,28.75512988,8515,82.3851329,2021,2022
250,33,337,0,31319,957,12,1797,1112,0,2015,84,35534,28.9088271,8516,81.10035311,2021,2022
251,34,2263,0,32414,50,0,404,395,0,2015,85,35526,28.85439162,8517,81.23458925,2021,2022
252,35,0,0,1617,0,0,12,1038,0,2015,86,2667,28.51365111,8518,82.05146837,2021,2022
253,36,511,409,29044,10,2,422,266,1377,2015,87,32041,28.55560503,8519,81.74006709,2021,2022
254,37,42,4,29060,129,0,90,6489,0,2015,89,35814,29.68423507,8521,80.44127416,2021,2022
255,38,504,0,27654,349,3,161,593,3,2015,90,29361,28.84146201,8522,81.32735657,2021,2022
256,39,0,275,14247,1843,0,55,3248,1271,2015,92,20939,28.79416477,8524,82.69537361,2021,2022
257,40,1153,193,24073,144,0,0,9628,0,2015,93,35191,27.87557131,8525,83.71229707,2021,2022
258,41,4,0,25112,6845,0,2,3506,0,2015,94,35469,28.68074647,8526,82.7989344,2021,2022
259,42,26,89,25844,5987,0,81,3395,0,2015,95,35422,28.58041959,8527,82.69521141,2021,2022
260,43,0,0,3993,0,0,0,0,0,2015,96,3993,28.53341598,8528,82.75260701,2021,2022
261,44,0,573,24937,218,42,37,9437,189,2015,97,35433,28.58306007,8529,82.78111061,2021,2022
262,45,354,1045,31497,118,0,0,2178,0,2015,98,35192,27.87153496,8530,83.75668913,2021,2022
263,46,688,7,28930,67,0,40,5453,0,2015,99,35185,27.8282532,8531,83.68061528,2021,2022
264,47,0,411,29215,2641,0,299,2844,0,2015,100,35410,28.5456909,8532,82.64531606,2021,2022
265,48,4107,4243,14723,301,1,6920,3306,1580,2015,101,35182,27.87075974,8533,83.94377507,2021,2022
266,49,1858,506,29712,26,0,1107,1966,43,2015,103,35218,27.95893236,8535,83.37516055,2021,2022
267,50,0,1197,25915,4340,0,81,3891,0,2015,104,35424,28.54981357,8536,82.70226806,2021,2022
268,51,364,0,5528,223,0,440,1090,0,2015,105,7645,28.05841498,8537,82.99289728,2021,2022
269,52,856,849,26965,590,0,62,5500,333,2015,106,35293,28.19090095,8538,83.23852946,2021,2022
270,53,0,240,34462,181,0,0,452,97,2015,107,35432,28.59021932,8539,82.61533692,2021,2022
271,54,0,0,2981,0,0,0,0,0,2015,108,2981,27.99515412,8540,83.52918392,2021,2022
272,55,12982,252,21051,0,0,288,682,0,2015,109,35255,28.06381694,8541,83.23982204,2021,2022
273,56,126,86,21236,10409,0,1276,2323,0,2015,110,35456,28.65005085,8542,82.6266384,2021,2022
274,57,0,9,25040,7117,0,10,3272,0,2015,111,35448,28.67850567,8543,82.94601189,2021,2022
275,58,5313,162,25489,50,0,551,3605,51,2015,112,35221,27.95604949,8544,83.39487345,2021,2022
276,59,0,6,28840,4840,0,0,1785,0,2015,113,35471,28.69294467,8545,82.655913,2021,2022
277,60,1567,211,25762,187,0,3013,4494,3,2015,114,35237,27.99650892,8546,83.26165987,2021,2022
278,61,1377,1837,27580,58,0,325,4252,41,2015,115,35470,28.6595305,8547,82.51001333,2021,2022
279,62,0,0,26949,624,0,0,1113,0,2015,116,28686,28.71454841,8548,82.6331823,2021,2022
280,63,140,0,22510,76,0,110,12458,0,2015,117,35294,28.20056948,8549,83.09902226,2021,2022
281,64,693,41,18664,20,0,0,2955,0,2015,118,22373,28.1083224,8550,83.12745414,2021,2022
282,65,566,0,19737,0,0,401,14604,0,2015,119,35308,28.24108429,8551,83.10983775,2021,2022
283,66,174,802,15032,11,0,1471,10917,816,2015,133,29223,28.50532928,8568,83.01855489,2021,2022
284,67,1113,293,25058,9,0,704,8151,1,2015,134,35329,28.30829477,8569,83.17278555,2021,2022
285,68,1553,1533,13783,206,0,4274,13882,126,2015,135,35357,28.39781418,8570,83.08592627,2021,2022
286,69,1115,0,30990,62,0,722,2432,29,2015,136,35350,28.32815722,8571,83.97788911,2021,2022
287,70,1492,182,18887,19,0,808,13960,3,2015,137,35351,28.3668984,8572,83.13118621,2021,2022
288,71,1114,731,23289,3,0,234,4704,0,2015,138,30075,28.13300964,8573,83.45802233,2021,2022
289,72,1268,84,15816,546,0,4424,13226,0,2015,139,35364,28.39271703,8574,83.03088439,2021,2022
290,73,202,885,24570,559,0,773,8375,0,2015,140,35364,28.39721086,8575,83.26028459,2021,2022
291,74,48,9,32911,0,0,167,2200,0,2015,141,35335,28.30917642,8576,83.44374715,2021,2022
292,75,1166,70,31063,0,0,81,2787,1,2015,146,35168,27.81251125,8582,85.04508694,2021,2022
293,76,983,3088,22803,0,0,68,8227,0,2015,147,35169,27.77917522,8583,84.7417171,2021,2022
294,77,0,0,220,0,0,0,27,0,2015,149,247,27.95605272,8586,84.79224956,2021,2022
295,78,1924,3321,20106,79,0,818,8965,0,2015,150,35213,27.92418742,8587,84.1776855,2021,2022
296,79,383,597,23445,93,29,1209,9189,50,2015,151,35044,27.42980316,8588,85.34690574,2021,2022
297,80,3177,284,19244,119,57,636,11570,0,2015,152,35087,27.52127706,8589,85.68186195,2021,2022
298,81,26,2,23329,10,0,32,11655,0,2015,153,35054,27.44021687,8590,85.5170715,2021,2022
299,82,6229,0,19642,0,0,4533,4700,0,2015,154,35104,27.60730086,8591,85.65839233,2021,2022
300,83,125,1018,16050,189,20,925,3189,300,2015,155,21816,28.90898277,8592,81.6468272,2021,2022
301,84,155,42,33409,0,0,448,408,936,2015,156,35398,28.48079756,8593,81.8531539,2021,2022
302,85,197,0,17161,813,88,511,13308,213,2015,157,32291,28.80141771,8594,82.05718585,2021,2022
303,86,0,0,21865,3446,0,0,204,0,2015,158,25515,28.91570614,8595,82.44339611,2021,2022
304,87,277,0,33139,828,0,194,508,400,2015,159,35346,28.35968669,8596,81.95765268,2021,2022
305,88,1186,1532,10720,7733,87,1707,12324,394,2016,44,35683,29.33431355,8475,81.98157663,2021,2022
306,89,884,14,10204,481,0,5295,15533,3298,2016,45,35709,29.38827771,8476,81.34136861,2021,2022
307,90,1205,0,24528,406,0,1696,7325,0,2016,46,35160,27.79720808,8477,85.17941055,2021,2022
308,91,275,426,19182,459,79,1632,12387,1161,2016,47,35601,29.09495949,8478,80.6649946,2021,2022
309,92,277,0,26045,4,0,1884,7478,8,2016,48,35696,29.36268046,8479,80.92480647,2021,2022
310,93,0,35,18887,14063,0,7,2643,0,2016,49,35635,29.19115059,8480,82.06174597,2021,2022
311,94,32,0,30100,27,0,6,5407,0,2016,52,35572,29.0061011,8483,81.55583539,2021,2022
312,95,14,0,28540,31,0,151,6753,0,2016,55,35489,28.76587749,8486,81.69452301,2021,2022
313,96,0,0,19277,417,0,566,15273,266,2016,57,35799,29.63516342,8488,82.03426418,2021,2022
314,97,0,158,7752,1150,0,1175,24522,928,2016,58,35685,29.29731781,8489,81.77470697,2021,2022
315,98,2937,41,22430,0,0,2522,7386,66,2016,59,35382,28.43310642,8491,82.18830607,2021,2022
316,99,394,166,19011,4403,0,2236,8484,245,2016,60,34944,29.10209617,8492,81.78451234,2021,2022
317,100,135,0,25841,40,0,3188,6190,0,2016,61,35394,28.47690535,8493,82.33390362,2021,2022
318,101,38,0,33500,0,0,294,1589,0,2016,62,35421,28.56316572,8494,82.19040767,2021,2022
319,102,140,0,28221,250,0,925,5877,0,2016,63,35413,28.53742552,8495,82.32043789,2021,2022
320,103,446,0,31047,0,0,406,3492,0,2016,64,35391,28.4954865,8496,82.1508874,2021,2022
321,104,0,4,26635,2,0,5601,3195,0,2016,65,35437,28.59394086,8497,82.29118112,2021,2022
322,105,1019,65,28289,0,0,3229,2735,0,2016,66,35337,28.29715563,8498,82.02757741,2021,2022
323,106,0,2,30154,50,0,2980,1855,306,2016,67,35347,28.36039218,8499,81.84661675,2021,2022
324,107,1704,0,22057,20,0,2596,8721,307,2016,68,35405,28.52765285,8500,81.97148351,2021,2022
325,108,1338,0,20968,42,0,3397,9727,0,2016,69,35472,28.69924386,8501,82.44427857,2021,2022
326,109,2258,917,23565,379,2,4760,2600,851,2016,70,35332,28.28270839,8502,82.2350942,2021,2022
327,110,5506,327,13844,419,0,6991,7806,549,2016,71,35442,28.65493068,8503,82.54734907,2021,2022
328,111,0,0,22841,489,0,1412,10702,37,2016,72,35481,28.74779829,8504,82.42759305,2021,2022
329,112,64,0,28894,30,0,1274,5180,0,2016,73,35442,28.64667388,8505,82.27827949,2021,2022
330,113,0,0,28577,30,0,3189,3692,0,2016,74,35488,28.7427801,8506,82.33413209,2021,2022
331,114,254,0,27005,3,0,863,7278,20,2016,75,35423,28.5928957,8507,82.30676418,2021,2022
332,115,1934,0,26455,73,0,1163,5816,0,2016,76,35441,28.59293476,8508,82.44021013,2021,2022
333,116,0,0,32608,5,0,476,2378,0,2016,77,35467,28.67594476,8509,82.37699587,2021,2022
334,117,75,0,25993,226,0,155,9014,0,2016,79,35463,28.67255327,8511,82.35910517,2021,2022
335,118,963,0,22900,409,0,3706,7348,88,2016,81,35414,28.56879968,8513,82.50581603,2021,2022
336,119,496,0,27178,177,0,489,7106,0,2016,82,35446,28.62086345,8514,82.39017493,2021,2022
337,120,250,0,23073,63,0,4822,7272,0,2016,83,35480,28.75512988,8515,82.3851329,2021,2022
338,121,110,0,29948,74,0,3877,1525,0,2016,84,35534,28.9088271,8516,81.10035311,2021,2022
339,122,1893,0,27947,0,0,4917,769,0,2016,85,35526,28.85439162,8517,81.23458925,2021,2022
340,123,355,37,21125,45,0,4227,9619,0,2016,86,35408,28.51365111,8518,82.05146837,2021,2022
341,124,351,169,28703,76,0,1519,3140,1466,2016,87,35424,28.55560503,8519,81.74006709,2021,2022
342,125,81,0,27506,0,0,1,8226,0,2016,89,35814,29.68423507,8521,80.44127416,2021,2022
343,126,1922,0,29063,198,0,3490,842,0,2016,90,35515,28.84146201,8522,81.32735657,2021,2022
344,127,0,0,21963,321,0,3377,8431,1406,2016,92,35498,28.79416477,8524,82.69537361,2021,2022
345,128,1660,0,28997,438,0,214,3882,0,2016,93,35191,27.87557131,8525,83.71229707,2021,2022
346,129,304,0,15852,684,0,596,17956,77,2016,94,35469,28.68074647,8526,82.7989344,2021,2022
347,130,362,0,22828,9,0,6568,5600,55,2016,95,35422,28.58041959,8527,82.69521141,2021,2022
348,131,1,0,26453,261,0,1665,6768,268,2016,96,35416,28.53341598,8528,82.75260701,2021,2022
349,132,310,118,16366,448,0,4430,9697,1604,2016,97,32973,28.58306007,8529,82.78111061,2021,2022
350,133,401,0,33854,44,0,187,706,0,2016,98,35192,27.87153496,8530,83.75668913,2021,2022
351,134,1258,0,30968,417,0,53,2489,0,2016,99,35185,27.8282532,8531,83.68061528,2021,2022
352,135,4,0,24776,2,0,46,10511,71,2016,100,35410,28.5456909,8532,82.64531606,2021,2022
353,136,3852,5026,18863,106,0,4949,1065,1321,2016,101,35182,27.87075974,8533,83.94377507,2021,2022
354,137,1789,667,31723,50,0,731,227,31,2016,103,35218,27.95893236,8535,83.37516055,2021,2022
355,138,0,0,21260,52,0,3095,10957,60,2016,104,35424,28.54981357,8536,82.70226806,2021,2022
356,139,873,0,28947,297,0,1752,3388,0,2016,105,35257,28.05841498,8537,82.99289728,2021,2022
357,140,227,170,29753,1386,0,18,3162,391,2016,106,35293,28.19090095,8538,83.23852946,2021,2022
358,141,19,0,31436,0,0,496,3176,305,2016,107,35432,28.59021932,8539,82.61533692,2021,2022
359,142,236,0,28728,2188,0,476,3602,0,2016,108,35230,27.99515412,8540,83.52918392,2021,2022
360,143,12924,0,21412,13,0,421,485,0,2016,109,35255,28.06381694,8541,83.23982204,2021,2022
361,144,575,0,16928,2591,0,5991,9350,21,2016,110,35456,28.65005085,8542,82.6266384,2021,2022
362,145,0,22,23558,5926,0,1109,4572,261,2016,111,35448,28.67850567,8543,82.94601189,2021,2022
363,146,4285,421,28246,73,0,875,1152,169,2016,112,35221,27.95604949,8544,83.39487345,2021,2022
364,147,45,0,22251,44,0,540,12583,8,2016,113,35471,28.69294467,8545,82.655913,2021,2022
365,148,1307,0,28926,333,0,3191,1479,1,2016,114,35237,27.99650892,8546,83.26165987,2021,2022
366,149,1456,1853,25932,95,0,1894,4083,157,2016,115,35470,28.6595305,8547,82.51001333,2021,2022
367,150,0,0,29774,8,34,103,5454,113,2016,116,35486,28.71454841,8548,82.6331823,2021,2022
368,151,320,0,24733,99,0,1025,9117,0,2016,117,35294,28.20056948,8549,83.09902226,2021,2022
369,152,1191,0,31325,27,0,87,2646,0,2016,118,35276,28.1083224,8550,83.12745414,2021,2022
370,153,594,0,20813,49,0,991,12861,0,2016,119,35308,28.24108429,8551,83.10983775,2021,2022
371,154,155,1237,19981,2247,0,938,10276,575,2016,133,35409,28.50532928,8568,83.01855489,2021,2022
372,155,1691,704,27826,209,0,663,4100,136,2016,134,35329,28.30829477,8569,83.17278555,2021,2022
373,156,1279,6,13067,1007,0,3954,15971,73,2016,135,35357,28.39781418,8570,83.08592627,2021,2022
374,157,990,54,31288,100,0,791,2026,101,2016,136,35350,28.32815722,8571,83.97788911,2021,2022
375,158,718,124,19859,446,0,1103,11977,1106,2016,137,35351,28.3668984,8572,83.13118621,2021,2022
376,159,1137,3,30084,669,0,2284,1093,0,2016,138,35270,28.13300964,8573,83.45802233,2021,2022
377,160,648,117,17312,2575,0,2388,12301,23,2016,139,35364,28.39271703,8574,83.03088439,2021,2022
378,161,163,0,26759,56,0,2267,6116,3,2016,140,35364,28.39721086,8575,83.26028459,2021,2022
379,162,27,0,33769,244,0,142,1153,0,2016,141,35335,28.30917642,8576,83.44374715,2021,2022
380,163,1337,62,32808,8,0,147,794,12,2016,146,35168,27.81251125,8582,85.04508694,2021,2022
381,164,1301,5,30946,124,0,49,2744,0,2016,147,35169,27.77917522,8583,84.7417171,2021,2022
382,165,376,5,33606,126,0,163,940,0,2016,149,35216,27.95605272,8586,84.79224956,2021,2022
383,166,1397,157,29642,1665,0,856,1398,0,2016,150,35213,27.92418742,8587,84.1776855,2021,2022
384,167,563,1251,26078,119,0,1984,4982,67,2016,151,35044,27.42980316,8588,85.34690574,2021,2022
385,168,4110,88,18808,123,172,1742,9749,295,2016,152,35087,27.52127706,8589,85.68186195,2021,2022
386,169,237,0,24381,411,0,435,9590,0,2016,153,35054,27.44021687,8590,85.5170715,2021,2022
387,170,6594,0,19797,0,0,6803,1910,0,2016,154,35104,27.60730086,8591,85.65839233,2021,2022
388,171,0,1238,20745,418,119,8008,4609,402,2016,155,35539,28.90898277,8592,81.6468272,2021,2022
389,172,11,29,32413,4,0,178,1850,913,2016,156,35398,28.48079756,8593,81.8531539,2021,2022
390,173,155,0,14290,235,0,2248,18257,326,2016,157,35511,28.80141771,8594,82.05718585,2021,2022
391,174,0,0,20329,79,0,719,4387,1,2016,158,25515,28.91570614,8595,82.44339611,2021,2022
392,175,163,0,30040,63,0,140,4688,252,2016,159,35346,28.35968669,8596,81.95765268,2021,2022
393,176,1144,1478,9998,5063,10,1606,14474,1910,2017,44,35683,29.33431355,8475,81.98157663,2021,2022
394,177,892,0,10888,241,0,5398,16082,2208,2017,45,35709,29.38827771,8476,81.34136861,2021,2022
395,178,1329,0,23550,13,0,829,9439,0,2017,46,35160,27.79720808,8477,85.17941055,2021,2022
396,179,275,466,18919,17,82,1354,14052,436,2017,47,35601,29.09495949,8478,80.6649946,2021,2022
397,180,263,4,25466,0,0,1519,8439,5,2017,48,35696,29.36268046,8479,80.92480647,2021,2022
398,181,36,14,16355,10488,0,865,7408,469,2017,49,35635,29.19115059,8480,82.06174597,2021,2022
399,182,3,0,29678,4,0,7,5880,0,2017,52,35572,29.0061011,8483,81.55583539,2021,2022
400,183,68,0,30618,48,0,51,4704,0,2017,55,35489,28.76587749,8486,81.69452301,2021,2022
401,184,1,0,19668,71,0,715,14725,619,2017,57,35799,29.63516342,8488,82.03426418,2021,2022
402,185,6,222,7897,43,0,1648,25036,833,2017,58,35685,29.29731781,8489,81.77470697,2021,2022
403,186,3469,27,22642,0,0,1814,7430,0,2017,59,35382,28.43310642,8491,82.18830607,2021,2022
404,187,364,74,17723,418,0,2315,14384,327,2017,60,35605,29.10209617,8492,81.78451234,2021,2022
405,188,67,0,25500,0,0,2538,7289,0,2017,61,35394,28.47690535,8493,82.33390362,2021,2022
406,189,30,0,33288,0,0,186,1917,0,2017,62,35421,28.56316572,8494,82.19040767,2021,2022
407,190,121,0,28700,14,0,456,6122,0,2017,63,35413,28.53742552,8495,82.32043789,2021,2022
408,191,311,0,30446,0,0,273,4361,0,2017,64,35391,28.4954865,8496,82.1508874,2021,2022
409,192,9,0,27299,0,0,5020,3109,0,2017,65,35437,28.59394086,8497,82.29118112,2021,2022
410,193,940,53,28110,4,0,3106,3124,0,2017,66,35337,28.29715563,8498,82.02757741,2021,2022
411,194,2,2,31427,20,0,1661,1529,706,2017,67,35347,28.36039218,8499,81.84661675,2021,2022
412,195,1032,0,21671,0,0,2627,9609,466,2017,68,35405,28.52765285,8500,81.97148351,2021,2022
413,196,2462,0,20589,3,0,2092,10326,0,2017,69,35472,28.69924386,8501,82.44427857,2021,2022
414,197,2883,670,24163,94,1,3670,3058,793,2017,70,35332,28.28270839,8502,82.2350942,2021,2022
415,198,6723,335,12888,786,0,6193,8046,471,2017,71,35442,28.65493068,8503,82.54734907,2021,2022
416,199,0,299,21699,0,0,1426,11974,83,2017,72,35481,28.74779829,8504,82.42759305,2021,2022
417,200,146,0,28695,0,0,1041,5560,0,2017,73,35442,28.64667388,8505,82.27827949,2021,2022
418,201,0,0,28065,0,0,1693,5730,0,2017,74,35488,28.7427801,8506,82.33413209,2021,2022
419,202,297,0,27327,6,0,389,7404,0,2017,75,35423,28.5928957,8507,82.30676418,2021,2022
420,203,2371,42,27827,6,0,576,4619,0,2017,76,35441,28.59293476,8508,82.44021013,2021,2022
421,204,0,0,31694,0,0,312,3461,0,2017,77,35467,28.67594476,8509,82.37699587,2021,2022
422,205,204,0,24378,6,0,199,10676,0,2017,79,35463,28.67255327,8511,82.35910517,2021,2022
423,206,782,0,23147,28,0,2218,9220,19,2017,81,35414,28.56879968,8513,82.50581603,2021,2022
424,207,802,0,27129,0,0,290,7225,0,2017,82,35446,28.62086345,8514,82.39017493,2021,2022
425,208,215,0,22370,81,0,4622,8192,0,2017,83,35480,28.75512988,8515,82.3851329,2021,2022
426,209,137,0,30478,160,0,2204,2555,0,2017,84,35534,28.9088271,8516,81.10035311,2021,2022
427,210,1819,0,28356,0,0,4368,983,0,2017,85,35526,28.85439162,8517,81.23458925,2021,2022
428,211,421,26,19397,1,0,2535,13028,0,2017,86,35408,28.51365111,8518,82.05146837,2021,2022
429,212,394,111,30690,0,0,341,2578,1310,2017,87,35424,28.55560503,8519,81.74006709,2021,2022
430,213,147,0,27244,0,0,1,8422,0,2017,89,35814,29.68423507,8521,80.44127416,2021,2022
431,214,2444,0,27202,10,81,4787,991,0,2017,90,35515,28.84146201,8522,81.32735657,2021,2022
432,215,0,0,23417,588,0,264,9154,2075,2017,92,35498,28.79416477,8524,82.69537361,2021,2022
433,216,1620,0,27755,236,0,6,5574,0,2017,93,35191,27.87557131,8525,83.71229707,2021,2022
434,217,185,0,19679,47,0,152,15365,41,2017,94,35469,28.68074647,8526,82.7989344,2021,2022
435,218,403,0,22520,5,0,4852,7551,91,2017,95,35422,28.58041959,8527,82.69521141,2021,2022
436,219,0,0,30233,1,0,1006,4122,54,2017,96,35416,28.53341598,8528,82.75260701,2021,2022
437,220,2,165,19587,52,0,1901,13403,323,2017,97,35433,28.58306007,8529,82.78111061,2021,2022
438,221,419,26,33279,48,0,386,1034,0,2017,98,35192,27.87153496,8530,83.75668913,2021,2022
439,222,1590,0,29348,57,0,24,4166,0,2017,99,35185,27.8282532,8531,83.68061528,2021,2022
440,223,7,0,25956,0,0,2,9445,0,2017,100,35410,28.5456909,8532,82.64531606,2021,2022
441,224,5022,4491,15786,5,1,5696,2539,1642,2017,101,35182,27.87075974,8533,83.94377507,2021,2022
442,225,1722,527,31324,0,0,1009,602,34,2017,103,35218,27.95893236,8535,83.37516055,2021,2022
443,226,0,0,21958,50,0,1970,11407,39,2017,104,35424,28.54981357,8536,82.70226806,2021,2022
444,227,870,0,28135,53,0,869,5330,0,2017,105,35257,28.05841498,8537,82.99289728,2021,2022
445,228,372,60,29087,338,0,72,4699,487,2017,106,35293,28.19090095,8538,83.23852946,2021,2022
446,229,48,0,30792,0,0,243,4134,211,2017,107,35432,28.59021932,8539,82.61533692,2021,2022
447,230,450,0,27528,1110,0,235,5907,0,2017,108,35230,27.99515412,8540,83.52918392,2021,2022
448,231,13086,0,21302,0,0,352,515,0,2017,109,35255,28.06381694,8541,83.23982204,2021,2022
449,232,1014,0,17328,1600,0,4938,10482,94,2017,110,35456,28.65005085,8542,82.6266384,2021,2022
450,233,0,5,22930,2970,0,458,7745,1340,2017,111,35448,28.67850567,8543,82.94601189,2021,2022
451,234,4947,375,27922,10,0,456,1318,193,2017,112,35221,27.95604949,8544,83.39487345,2021,2022
452,235,67,0,23633,46,0,483,11231,11,2017,113,35471,28.69294467,8545,82.655913,2021,2022
453,236,1661,0,28107,10,0,2679,2780,0,2017,114,35237,27.99650892,8546,83.26165987,2021,2022
454,237,2020,1958,24588,62,0,2350,4383,109,2017,115,35470,28.6595305,8547,82.51001333,2021,2022
455,238,0,0,29172,20,0,19,6265,10,2017,116,35486,28.71454841,8548,82.6331823,2021,2022
456,239,372,0,23842,110,0,372,10598,0,2017,117,35294,28.20056948,8549,83.09902226,2021,2022
457,240,1556,0,30734,0,0,2,2984,0,2017,118,35276,28.1083224,8550,83.12745414,2021,2022
458,241,406,0,20131,0,0,187,14584,0,2017,119,35308,28.24108429,8551,83.10983775,2021,2022
459,242,469,1082,20880,210,0,2682,9451,635,2017,133,35409,28.50532928,8568,83.01855489,2021,2022
460,243,2083,594,27193,69,0,693,4623,74,2017,134,35329,28.30829477,8569,83.17278555,2021,2022
461,244,1481,107,13686,7,0,3196,16831,49,2017,135,35357,28.39781418,8570,83.08592627,2021,2022
462,245,1009,0,31788,13,0,584,1921,35,2017,136,35350,28.32815722,8571,83.97788911,2021,2022
463,246,1568,5,20084,21,0,413,12699,561,2017,137,35351,28.3668984,8572,83.13118621,2021,2022
464,247,1043,112,29952,68,0,1678,2417,0,2017,138,35270,28.13300964,8573,83.45802233,2021,2022
465,248,901,1,17300,216,0,4594,12244,108,2017,139,35364,28.39271703,8574,83.03088439,2021,2022
466,249,278,10,26220,6,0,1619,7231,0,2017,140,35364,28.39721086,8575,83.26028459,2021,2022
467,250,8,0,33354,29,0,172,1772,0,2017,141,35335,28.30917642,8576,83.44374715,2021,2022
468,251,1644,22,31691,0,0,74,1735,2,2017,146,35168,27.81251125,8582,85.04508694,2021,2022
469,252,1376,12,28243,0,0,61,5477,0,2017,147,35169,27.77917522,8583,84.7417171,2021,2022
470,253,505,0,33217,32,0,76,1386,0,2017,149,35216,27.95605272,8586,84.79224956,2021,2022
471,254,2193,1221,23869,208,0,1216,6506,0,2017,150,35213,27.92418742,8587,84.1776855,2021,2022
472,255,931,1020,25154,40,0,2062,5729,108,2017,151,35044,27.42980316,8588,85.34690574,2021,2022
473,256,4479,82,17447,41,18,1410,11160,450,2017,152,35087,27.52127706,8589,85.68186195,2021,2022
474,257,483,0,24603,32,0,298,9638,0,2017,153,35054,27.44021687,8590,85.5170715,2021,2022
475,258,6932,0,19774,0,0,5187,3211,0,2017,154,35104,27.60730086,8591,85.65839233,2021,2022
476,259,0,1301,20311,300,214,5235,7594,584,2017,155,35539,28.90898277,8592,81.6468272,2021,2022
477,260,46,21,31736,0,0,106,2563,926,2017,156,35398,28.48079756,8593,81.8531539,2021,2022
478,261,172,0,13787,77,0,1492,19809,174,2017,157,35511,28.80141771,8594,82.05718585,2021,2022
479,262,0,0,20721,262,0,257,4272,3,2017,158,25515,28.91570614,8595,82.44339611,2021,2022
480,263,164,2,28729,96,0,133,5968,254,2017,159,35346,28.35968669,8596,81.95765268,2021,2022
481,264,1116,1467,9223,881,320,4392,16007,2277,2018,44,35683,29.33431355,8475,81.98157663,2021,2022
482,265,687,1,10254,16,0,4375,17689,2687,2018,45,35709,29.38827771,8476,81.34136861,2021,2022
483,266,1521,0,24709,0,0,1636,7294,0,2018,46,35160,27.79720808,8477,85.17941055,2021,2022
484,267,332,394,20476,213,44,2374,11310,458,2018,47,35601,29.09495949,8478,80.6649946,2021,2022
485,268,270,6,24271,7,0,1725,9415,2,2018,48,35696,29.36268046,8479,80.92480647,2021,2022
486,269,3,20,13703,7066,0,1794,11626,1423,2018,49,35635,29.19115059,8480,82.06174597,2021,2022
487,270,6,0,30506,4,0,0,5056,0,2018,52,35572,29.0061011,8483,81.55583539,2021,2022
488,271,196,0,31210,45,0,11,4027,0,2018,55,35489,28.76587749,8486,81.69452301,2021,2022
489,272,0,0,18207,4,0,438,16461,689,2018,57,35799,29.63516342,8488,82.03426418,2021,2022
490,273,0,0,6837,3,0,2467,24902,1476,2018,58,35685,29.29731781,8489,81.77470697,2021,2022
491,274,3541,18,22952,0,0,2306,6565,0,2018,59,35382,28.43310642,8491,82.18830607,2021,2022
492,275,447,18,18037,86,0,3144,13689,184,2018,60,35605,29.10209617,8492,81.78451234,2021,2022
493,276,74,0,25014,0,0,1982,8324,0,2018,61,35394,28.47690535,8493,82.33390362,2021,2022
494,277,20,0,33465,0,0,334,1602,0,2018,62,35421,28.56316572,8494,82.19040767,2021,2022
495,278,94,0,28167,0,0,410,6742,0,2018,63,35413,28.53742552,8495,82.32043789,2021,2022
496,279,349,0,30586,0,0,72,4384,0,2018,64,35391,28.4954865,8496,82.1508874,2021,2022
497,280,4,0,27055,0,0,4643,3735,0,2018,65,35437,28.59394086,8497,82.29118112,2021,2022
498,281,1011,114,29118,0,0,2019,3075,0,2018,66,35337,28.29715563,8498,82.02757741,2021,2022
499,282,5,11,31203,0,0,1914,1436,778,2018,67,35347,28.36039218,8499,81.84661675,2021,2022
500,283,1184,0,23364,0,0,3318,7309,230,2018,68,35405,28.52765285,8500,81.97148351,2021,2022
501,284,2862,0,20322,1,0,2364,9923,0,2018,69,35472,28.69924386,8501,82.44427857,2021,2022
502,285,3316,640,22368,20,0,5420,2937,631,2018,70,35332,28.28270839,8502,82.2350942,2021,2022
503,286,6545,252,11782,295,0,7377,8650,541,2018,71,35442,28.65493068,8503,82.54734907,2021,2022
504,287,0,0,21880,30,0,1543,11976,52,2018,72,35481,28.74779829,8504,82.42759305,2021,2022
505,288,177,0,27538,16,0,823,6888,0,2018,73,35442,28.64667388,8505,82.27827949,2021,2022
506,289,0,0,29156,0,0,2129,4203,0,2018,74,35488,28.7427801,8506,82.33413209,2021,2022
507,290,128,0,26484,0,0,299,8512,0,2018,75,35423,28.5928957,8507,82.30676418,2021,2022
508,291,1685,0,27230,0,0,511,6015,0,2018,76,35441,28.59293476,8508,82.44021013,2021,2022
509,292,0,0,31563,0,0,230,3674,0,2018,77,35467,28.67594476,8509,82.37699587,2021,2022
510,293,81,0,23498,0,0,294,11590,0,2018,79,35463,28.67255327,8511,82.35910517,2021,2022
511,294,929,0,21815,70,0,2887,9694,19,2018,81,35414,28.56879968,8513,82.50581603,2021,2022
512,295,967,0,26999,0,0,168,7312,0,2018,82,35446,28.62086345,8514,82.39017493,2021,2022
513,296,335,0,22508,13,0,6053,6571,0,2018,83,35480,28.75512988,8515,82.3851329,2021,2022
514,297,131,0,29785,91,0,2922,2605,0,2018,84,35534,28.9088271,8516,81.10035311,2021,2022
515,298,1725,0,27824,2,0,5337,638,0,2018,85,35526,28.85439162,8517,81.23458925,2021,2022
516,299,363,34,21146,28,0,4127,9710,0,2018,86,35408,28.51365111,8518,82.05146837,2021,2022
517,300,499,77,30765,0,0,444,2242,1397,2018,87,35424,28.55560503,8519,81.74006709,2021,2022
518,301,38,0,27039,0,0,0,8737,0,2018,89,35814,29.68423507,8521,80.44127416,2021,2022
519,302,2796,0,25637,0,0,6373,709,0,2018,90,35515,28.84146201,8522,81.32735657,2021,2022
520,303,0,0,26130,1109,0,6,7468,784,2018,92,35498,28.79416477,8524,82.69537361,2021,2022
521,304,1167,0,27238,13,0,145,6628,0,2018,93,35191,27.87557131,8525,83.71229707,2021,2022
522,305,308,0,17950,8,0,149,16985,69,2018,94,35469,28.68074647,8526,82.7989344,2021,2022
523,306,471,0,22504,0,0,5104,7323,20,2018,95,35422,28.58041959,8527,82.69521141,2021,2022
524,307,56,0,31132,127,0,348,3724,29,2018,96,35416,28.53341598,8528,82.75260701,2021,2022
525,308,302,55,21975,8,0,1163,11819,104,2018,97,35433,28.58306007,8529,82.78111061,2021,2022
526,309,427,0,32783,6,0,460,1516,0,2018,98,35192,27.87153496,8530,83.75668913,2021,2022
527,310,1337,0,29516,2,0,40,4290,0,2018,99,35185,27.8282532,8531,83.68061528,2021,2022
528,311,27,0,25714,1,0,8,9660,0,2018,100,35410,28.5456909,8532,82.64531606,2021,2022
529,312,4165,4436,15654,1,0,8595,705,1626,2018,101,35182,27.87075974,8533,83.94377507,2021,2022
530,313,1856,526,30826,0,1,1374,621,14,2018,103,35218,27.95893236,8535,83.37516055,2021,2022
531,314,249,0,21409,6,0,1615,12113,32,2018,104,35424,28.54981357,8536,82.70226806,2021,2022
532,315,680,0,28013,10,0,623,5931,0,2018,105,35257,28.05841498,8537,82.99289728,2021,2022
533,316,374,37,29941,316,0,0,4065,390,2018,106,35293,28.19090095,8538,83.23852946,2021,2022
534,317,44,0,31553,0,0,399,3067,369,2018,107,35432,28.59021932,8539,82.61533692,2021,2022
535,318,332,0,28059,861,0,26,5952,0,2018,108,35230,27.99515412,8540,83.52918392,2021,2022
536,319,13570,0,20577,0,0,434,674,0,2018,109,35255,28.06381694,8541,83.23982204,2021,2022
537,320,1207,0,15469,1229,0,4828,12655,68,2018,110,35456,28.65005085,8542,82.6266384,2021,2022
538,321,0,5,21258,266,0,2064,9860,1995,2018,111,35448,28.67850567,8543,82.94601189,2021,2022
539,322,4884,338,27841,2,0,786,1173,197,2018,112,35221,27.95604949,8544,83.39487345,2021,2022
540,323,127,0,22827,101,0,346,12062,8,2018,113,35471,28.69294467,8545,82.655913,2021,2022
541,324,1922,0,28030,3,0,2697,2571,14,2018,114,35237,27.99650892,8546,83.26165987,2021,2022
542,325,2262,1841,24568,63,0,2246,4298,192,2018,115,35470,28.6595305,8547,82.51001333,2021,2022
543,326,0,0,30985,4,0,0,4497,0,2018,116,35486,28.71454841,8548,82.6331823,2021,2022
544,327,369,0,25120,65,0,228,9512,0,2018,117,35294,28.20056948,8549,83.09902226,2021,2022
545,328,1717,0,31184,0,0,23,2352,0,2018,118,35276,28.1083224,8550,83.12745414,2021,2022
546,329,235,0,20779,0,0,208,14086,0,2018,119,35308,28.24108429,8551,83.10983775,2021,2022
547,330,221,994,19361,91,0,2371,11220,1151,2018,133,35409,28.50532928,8568,83.01855489,2021,2022
548,331,1937,1066,27098,27,0,644,4492,65,2018,134,35329,28.30829477,8569,83.17278555,2021,2022
549,332,1810,0,13804,146,0,3383,16125,89,2018,135,35357,28.39781418,8570,83.08592627,2021,2022
550,333,935,0,32851,170,0,621,703,70,2018,136,35350,28.32815722,8571,83.97788911,2021,2022
551,334,839,7,18687,4,0,896,14451,467,2018,137,35351,28.3668984,8572,83.13118621,2021,2022
552,335,928,1,30359,73,0,1215,2694,0,2018,138,35270,28.13300964,8573,83.45802233,2021,2022
553,336,955,2,16561,0,0,4010,13782,54,2018,139,35364,28.39271703,8574,83.03088439,2021,2022
554,337,393,0,26791,14,0,1815,6341,10,2018,140,35364,28.39721086,8575,83.26028459,2021,2022
555,338,18,0,33466,29,0,38,1784,0,2018,141,35335,28.30917642,8576,83.44374715,2021,2022
556,339,1548,9,31959,0,0,338,1303,11,2018,146,35168,27.81251125,8582,85.04508694,2021,2022
557,340,663,5,28332,0,0,109,6060,0,2018,147,35169,27.77917522,8583,84.7417171,2021,2022
558,341,484,0,33696,10,0,169,857,0,2018,149,35216,27.95605272,8586,84.79224956,2021,2022
559,342,1892,50,26861,67,0,2531,3812,0,2018,150,35213,27.92418742,8587,84.1776855,2021,2022
560,343,1048,876,24766,0,0,2293,6008,53,2018,151,35044,27.42980316,8588,85.34690574,2021,2022
561,344,4882,41,18869,13,0,2064,8699,519,2018,152,35087,27.52127706,8589,85.68186195,2021,2022
562,345,399,0,24395,7,0,139,10114,0,2018,153,35054,27.44021687,8590,85.5170715,2021,2022
563,346,7611,0,19359,0,0,5137,2997,0,2018,154,35104,27.60730086,8591,85.65839233,2021,2022
564,347,0,1212,18897,1,161,8506,6118,644,2018,155,35539,28.90898277,8592,81.6468272,2021,2022
565,348,30,4,31762,0,0,136,2494,972,2018,156,35398,28.48079756,8593,81.8531539,2021,2022
566,349,150,0,14210,0,0,1512,19559,80,2018,157,35511,28.80141771,8594,82.05718585,2021,2022
567,350,0,0,20574,77,0,281,4499,84,2018,158,25515,28.91570614,8595,82.44339611,2021,2022
568,351,235,0,29680,42,0,50,5101,238,2018,159,35346,28.35968669,8596,81.95765268,2021,2022
569,352,1067,1627,9859,1712,522,3517,14751,2628,2019,44,35683,29.33431355,8475,81.98157663,2021,2022
570,353,874,1,10385,193,0,4344,16645,3267,2019,45,35709,29.38827771,8476,81.34136861,2021,2022
571,354,1763,0,25740,0,0,1380,6277,0,2019,46,35160,27.79720808,8477,85.17941055,2021,2022
572,355,509,325,21780,54,0,2573,9894,466,2019,47,35601,29.09495949,8478,80.6649946,2021,2022
573,356,313,16,23462,34,0,2296,9565,10,2019,48,35696,29.36268046,8479,80.92480647,2021,2022
574,357,57,119,10798,1289,0,762,17856,4754,2019,49,35635,29.19115059,8480,82.06174597,2021,2022
575,358,16,0,30061,1,0,0,5494,0,2019,52,35572,29.0061011,8483,81.55583539,2021,2022
576,359,154,0,32164,32,0,1,3138,0,2019,55,35489,28.76587749,8486,81.69452301,2021,2022
577,360,0,0,19261,65,0,321,15583,569,2019,57,35799,29.63516342,8488,82.03426418,2021,2022
578,361,16,266,7472,113,0,892,26827,99,2019,58,35685,29.29731781,8489,81.77470697,2021,2022
579,362,3297,9,23663,0,0,2084,6329,0,2019,59,35382,28.43310642,8491,82.18830607,2021,2022
580,363,528,280,18264,649,0,796,14957,131,2019,60,35605,29.10209617,8492,81.78451234,2021,2022
581,364,538,0,25367,0,0,1778,7705,6,2019,61,35394,28.47690535,8493,82.33390362,2021,2022
582,365,30,0,33383,3,0,608,1397,0,2019,62,35421,28.56316572,8494,82.19040767,2021,2022
583,366,31,0,28995,0,0,96,6291,0,2019,63,35413,28.53742552,8495,82.32043789,2021,2022
584,367,306,0,31609,0,0,108,3368,0,2019,64,35391,28.4954865,8496,82.1508874,2021,2022
585,368,25,0,29058,0,0,3931,2423,0,2019,65,35437,28.59394086,8497,82.29118112,2021,2022
586,369,904,137,30305,0,0,1665,2317,9,2019,66,35337,28.29715563,8498,82.02757741,2021,2022
587,370,2,29,32024,0,0,1273,1333,686,2019,67,35347,28.36039218,8499,81.84661675,2021,2022
588,371,1374,0,26464,0,0,2732,4786,49,2019,68,35405,28.52765285,8500,81.97148351,2021,2022
589,372,4931,0,21438,11,0,1923,7169,0,2019,69,35472,28.69924386,8501,82.44427857,2021,2022
590,373,3131,790,23021,45,0,5446,2407,492,2019,70,35332,28.28270839,8502,82.2350942,2021,2022
591,374,7170,266,12757,964,0,5956,7795,534,2019,71,35442,28.65493068,8503,82.54734907,2021,2022
592,375,0,0,22896,280,0,1636,10644,25,2019,72,35481,28.74779829,8504,82.42759305,2021,2022
593,376,220,0,29378,0,0,293,5551,0,2019,73,35442,28.64667388,8505,82.27827949,2021,2022
594,377,0,0,29534,0,0,2009,3945,0,2019,74,35488,28.7427801,8506,82.33413209,2021,2022
595,378,232,0,27949,0,0,122,7120,0,2019,75,35423,28.5928957,8507,82.30676418,2021,2022
596,379,2355,0,28664,1,0,362,4059,0,2019,76,35441,28.59293476,8508,82.44021013,2021,2022
597,380,27,0,31935,0,0,203,3302,0,2019,77,35467,28.67594476,8509,82.37699587,2021,2022
598,381,408,0,24028,0,0,471,10556,0,2019,79,35463,28.67255327,8511,82.35910517,2021,2022
599,382,1701,0,23200,30,0,1676,8764,43,2019,81,35414,28.56879968,8513,82.50581603,2021,2022
600,383,1100,0,27431,0,0,125,6790,0,2019,82,35446,28.62086345,8514,82.39017493,2021,2022
601,384,674,0,24064,6,0,3289,7445,2,2019,83,35480,28.75512988,8515,82.3851329,2021,2022
602,385,162,0,30307,300,0,1401,3364,0,2019,84,35534,28.9088271,8516,81.10035311,2021,2022
603,386,1630,0,28579,95,0,4380,842,0,2019,85,35526,28.85439162,8517,81.23458925,2021,2022
604,387,480,49,18952,48,0,4698,11181,0,2019,86,35408,28.51365111,8518,82.05146837,2021,2022
605,388,577,167,29866,0,0,355,3089,1370,2019,87,35424,28.55560503,8519,81.74006709,2021,2022
606,389,22,0,27808,0,0,0,7984,0,2019,89,35814,29.68423507,8521,80.44127416,2021,2022
607,390,3168,0,27005,0,0,4729,613,0,2019,90,35515,28.84146201,8522,81.32735657,2021,2022
608,391,0,0,26318,3136,0,6,5340,667,2019,92,35498,28.79416477,8524,82.69537361,2021,2022
609,392,1704,0,25786,5,0,589,7107,0,2019,93,35191,27.87557131,8525,83.71229707,2021,2022
610,393,536,0,19845,7,0,150,14879,52,2019,94,35469,28.68074647,8526,82.7989344,2021,2022
611,394,724,0,23081,58,0,2944,8609,6,2019,95,35422,28.58041959,8527,82.69521141,2021,2022
612,395,22,0,30151,20,0,278,4759,186,2019,96,35416,28.53341598,8528,82.75260701,2021,2022
613,396,208,109,20703,43,0,941,13208,213,2019,97,35433,28.58306007,8529,82.78111061,2021,2022
614,397,491,3,32529,2,0,392,1775,0,2019,98,35192,27.87153496,8530,83.75668913,2021,2022
615,398,1178,0,29798,6,0,26,4177,0,2019,99,35185,27.8282532,8531,83.68061528,2021,2022
616,399,63,0,26197,5,0,0,9145,0,2019,100,35410,28.5456909,8532,82.64531606,2021,2022
617,400,5680,4548,13213,243,0,9227,924,1347,2019,101,35182,27.87075974,8533,83.94377507,2021,2022
618,401,1999,483,30244,2,0,1608,882,0,2019,103,35218,27.95893236,8535,83.37516055,2021,2022
619,402,967,0,22940,62,0,805,10623,27,2019,104,35424,28.54981357,8536,82.70226806,2021,2022
620,403,762,0,28289,16,0,369,5821,0,2019,105,35257,28.05841498,8537,82.99289728,2021,2022
621,404,494,44,29829,109,0,12,4513,109,2019,106,35293,28.19090095,8538,83.23852946,2021,2022
622,405,126,11,31912,0,0,60,2963,360,2019,107,35432,28.59021932,8539,82.61533692,2021,2022
623,406,431,0,27850,635,0,10,6304,0,2019,108,35230,27.99515412,8540,83.52918392,2021,2022
624,407,13199,0,21150,0,0,276,630,0,2019,109,35255,28.06381694,8541,83.23982204,2021,2022
625,408,1918,0,15677,1392,0,3869,12494,106,2019,110,35456,28.65005085,8542,82.6266384,2021,2022
626,409,0,0,22023,437,0,244,9967,2777,2019,111,35448,28.67850567,8543,82.94601189,2021,2022
627,410,5728,173,27153,1,0,665,1324,177,2019,112,35221,27.95604949,8544,83.39487345,2021,2022
628,411,115,0,25771,312,0,69,9184,12,2019,113,35471,28.69294467,8545,82.655913,2021,2022
629,412,1701,0,27995,6,0,2205,3289,41,2019,114,35237,27.99650892,8546,83.26165987,2021,2022
630,413,2474,1878,25195,77,0,1023,4672,151,2019,115,35470,28.6595305,8547,82.51001333,2021,2022
631,414,0,37,30634,0,0,0,4815,0,2019,116,35486,28.71454841,8548,82.6331823,2021,2022
632,415,420,0,25673,201,0,102,8898,0,2019,117,35294,28.20056948,8549,83.09902226,2021,2022
633,416,1111,0,31900,0,0,13,2252,0,2019,118,35276,28.1083224,8550,83.12745414,2021,2022
634,417,160,0,19992,0,0,121,15035,0,2019,119,35308,28.24108429,8551,83.10983775,2021,2022
635,418,71,1102,20022,98,0,1086,11834,1196,2019,133,35409,28.50532928,8568,83.01855489,2021,2022
636,419,2263,1119,27036,0,0,171,4665,75,2019,134,35329,28.30829477,8569,83.17278555,2021,2022
637,420,2629,34,13893,1,0,3256,15395,149,2019,135,35357,28.39781418,8570,83.08592627,2021,2022
638,421,1262,2,32101,381,0,642,933,29,2019,136,35350,28.32815722,8571,83.97788911,2021,2022
639,422,1568,0,18838,0,0,561,14123,261,2019,137,35351,28.3668984,8572,83.13118621,2021,2022
640,423,824,106,30669,15,0,1480,2176,0,2019,138,35270,28.13300964,8573,83.45802233,2021,2022
641,424,1274,0,17068,35,0,3314,13616,57,2019,139,35364,28.39271703,8574,83.03088439,2021,2022
642,425,427,0,25624,33,0,1138,8128,14,2019,140,35364,28.39721086,8575,83.26028459,2021,2022
643,426,0,0,33501,7,0,20,1807,0,2019,141,35335,28.30917642,8576,83.44374715,2021,2022
644,427,1560,25,32109,0,0,186,1277,11,2019,146,35168,27.81251125,8582,85.04508694,2021,2022
645,428,993,0,27046,0,0,283,6847,0,2019,147,35169,27.77917522,8583,84.7417171,2021,2022
646,429,595,0,33113,27,0,479,1002,0,2019,149,35216,27.95605272,8586,84.79224956,2021,2022
647,430,2149,9,24200,47,0,5516,3292,0,2019,150,35213,27.92418742,8587,84.1776855,2021,2022
648,431,1547,1143,23488,0,0,1919,6617,330,2019,151,35044,27.42980316,8588,85.34690574,2021,2022
649,432,5982,175,18817,45,7,1479,8085,497,2019,152,35087,27.52127706,8589,85.68186195,2021,2022
650,433,439,0,22751,2,0,152,11710,0,2019,153,35054,27.44021687,8590,85.5170715,2021,2022
651,434,8408,0,18368,0,0,6041,2287,0,2019,154,35104,27.60730086,8591,85.65839233,2021,2022
652,435,2,1295,21633,56,127,5023,7084,319,2019,155,35539,28.90898277,8592,81.6468272,2021,2022
653,436,77,2,31109,0,0,173,3108,929,2019,156,35398,28.48079756,8593,81.8531539,2021,2022
654,437,51,0,16387,53,0,1399,17494,127,2019,157,35511,28.80141771,8594,82.05718585,2021,2022
655,438,0,0,22806,563,0,335,5549,152,2019,158,29405,28.91570614,8595,82.44339611,2021,2022
656,439,217,0,28526,2,0,71,6386,144,2019,159,35346,28.35968669,8596,81.95765268,2021,2022
657,440,1580,1545,9944,1466,740,4274,13644,2490,2020,44,35683,29.33431355,8475,81.98157663,2021,2022
658,441,1258,0,11663,540,0,3041,15525,3682,2020,45,35709,29.38827771,8476,81.34136861,2021,2022
659,442,1817,0,24233,0,0,1497,7613,0,2020,46,35160,27.79720808,8477,85.17941055,2021,2022
660,443,601,334,20569,237,3,1958,11392,507,2020,47,35601,29.09495949,8478,80.6649946,2021,2022
661,444,327,17,25146,30,0,1579,8587,10,2020,48,35696,29.36268046,8479,80.92480647,2021,2022
662,445,255,51,14483,6646,0,814,11907,1479,2020,49,35635,29.19115059,8480,82.06174597,2021,2022
663,446,6,0,29991,31,0,7,5107,430,2020,52,35572,29.0061011,8483,81.55583539,2021,2022
664,447,220,0,32819,45,0,20,2385,0,2020,55,35489,28.76587749,8486,81.69452301,2021,2022
665,448,41,0,19019,87,0,874,15238,540,2020,57,35799,29.63516342,8488,82.03426418,2021,2022
666,449,3,117,8222,1504,0,231,25254,354,2020,58,35685,29.29731781,8489,81.77470697,2021,2022
667,450,3528,6,23321,0,0,2442,6085,0,2020,59,35382,28.43310642,8491,82.18830607,2021,2022
668,451,656,151,18378,1427,0,1465,13406,122,2020,60,35605,29.10209617,8492,81.78451234,2021,2022
669,452,1019,0,25108,1,0,2121,7145,0,2020,61,35394,28.47690535,8493,82.33390362,2021,2022
670,453,18,0,33279,0,0,423,1701,0,2020,62,35421,28.56316572,8494,82.19040767,2021,2022
671,454,211,0,29396,23,0,342,5441,0,2020,63,35413,28.53742552,8495,82.32043789,2021,2022
672,455,695,0,31622,0,0,187,2887,0,2020,64,35391,28.4954865,8496,82.1508874,2021,2022
673,456,108,0,27348,0,0,5353,2628,0,2020,65,35437,28.59394086,8497,82.29118112,2021,2022
674,457,1319,218,28996,0,0,2443,2361,0,2020,66,35337,28.29715563,8498,82.02757741,2021,2022
675,458,317,28,31578,11,0,1619,1194,600,2020,67,35347,28.36039218,8499,81.84661675,2021,2022
676,459,2035,0,26870,0,0,2454,4026,20,2020,68,35405,28.52765285,8500,81.97148351,2021,2022
677,460,5780,0,20202,127,0,1773,7590,0,2020,69,35472,28.69924386,8501,82.44427857,2021,2022
678,461,3395,916,24823,275,0,3400,1966,557,2020,70,35332,28.28270839,8502,82.2350942,2021,2022
679,462,8303,211,11780,1118,0,6010,7406,614,2020,71,35442,28.65493068,8503,82.54734907,2021,2022
680,463,0,0,22918,382,0,1477,10646,58,2020,72,35481,28.74779829,8504,82.42759305,2021,2022
681,464,398,0,29205,2,0,1030,4807,0,2020,73,35442,28.64667388,8505,82.27827949,2021,2022
682,465,72,0,29837,0,0,2236,3295,48,2020,74,35488,28.7427801,8506,82.33413209,2021,2022
683,466,291,0,27080,0,0,235,7817,0,2020,75,35423,28.5928957,8507,82.30676418,2021,2022
684,467,2067,0,27674,12,0,587,5101,0,2020,76,35441,28.59293476,8508,82.44021013,2021,2022
685,468,60,0,31691,7,0,247,3462,0,2020,77,35467,28.67594476,8509,82.37699587,2021,2022
686,469,811,0,23988,17,0,379,10268,0,2020,79,35463,28.67255327,8511,82.35910517,2021,2022
687,470,2448,0,22272,148,0,3183,7213,150,2020,81,35414,28.56879968,8513,82.50581603,2021,2022
688,471,1636,0,26476,7,0,163,7164,0,2020,82,35446,28.62086345,8514,82.39017493,2021,2022
689,472,1375,0,23263,20,0,5149,5673,0,2020,83,35480,28.75512988,8515,82.3851329,2021,2022
690,473,187,0,30846,720,0,885,2896,0,2020,84,35534,28.9088271,8516,81.10035311,2021,2022
691,474,1901,0,27977,135,0,4371,1142,0,2020,85,35526,28.85439162,8517,81.23458925,2021,2022
692,475,993,0,22075,18,0,2477,9839,6,2020,86,35408,28.51365111,8518,82.05146837,2021,2022
693,476,689,279,30944,4,0,614,1668,1226,2020,87,35424,28.55560503,8519,81.74006709,2021,2022
694,477,64,0,27307,0,0,1,8434,8,2020,89,35814,29.68423507,8521,80.44127416,2021,2022
695,478,3335,0,26604,5,3,4741,819,8,2020,90,35515,28.84146201,8522,81.32735657,2021,2022
696,479,0,3,26909,3364,0,6,4500,699,2020,92,35498,28.79416477,8524,82.69537361,2021,2022
697,480,1505,0,26993,43,0,76,6574,0,2020,93,35191,27.87557131,8525,83.71229707,2021,2022
698,481,887,0,18472,18,0,144,15948,0,2020,94,35469,28.68074647,8526,82.7989344,2021,2022
699,482,881,0,23072,10,0,4195,7217,47,2020,95,35422,28.58041959,8527,82.69521141,2021,2022
700,483,16,0,30092,231,0,77,4848,152,2020,96,35416,28.53341598,8528,82.75260701,2021,2022
701,484,461,175,21222,330,0,2029,10932,242,2020,97,35433,28.58306007,8529,82.78111061,2021,2022
702,485,467,0,33289,4,0,368,1064,0,2020,98,35192,27.87153496,8530,83.75668913,2021,2022
703,486,837,0,29832,0,0,32,4484,0,2020,99,35185,27.8282532,8531,83.68061528,2021,2022
704,487,121,0,26143,0,0,0,9146,0,2020,100,35410,28.5456909,8532,82.64531606,2021,2022
705,488,6192,4469,15124,2,0,7216,794,1385,2020,101,35182,27.87075974,8533,83.94377507,2021,2022
706,489,1747,815,31338,64,0,669,560,25,2020,103,35218,27.95893236,8535,83.37516055,2021,2022
707,490,1711,0,22573,49,0,1510,9565,16,2020,104,35424,28.54981357,8536,82.70226806,2021,2022
708,491,755,0,29341,48,0,142,4971,0,2020,105,35257,28.05841498,8537,82.99289728,2021,2022
709,492,395,90,29480,124,0,18,4579,416,2020,106,35293,28.19090095,8538,83.23852946,2021,2022
710,493,130,0,31754,0,0,120,3060,368,2020,107,35432,28.59021932,8539,82.61533692,2021,2022
711,494,488,0,26567,619,0,6,7538,12,2020,108,35230,27.99515412,8540,83.52918392,2021,2022
712,495,13452,0,20897,0,0,290,616,0,2020,109,35255,28.06381694,8541,83.23982204,2021,2022
713,496,2677,0,15806,1338,0,3706,11911,18,2020,110,35456,28.65005085,8542,82.6266384,2021,2022
714,497,0,6,20710,1244,0,1288,10565,1635,2020,111,35448,28.67850567,8543,82.94601189,2021,2022
715,498,4565,440,28667,0,0,193,1159,197,2020,112,35221,27.95604949,8544,83.39487345,2021,2022
716,499,145,0,24277,278,0,54,10704,3,2020,113,35471,28.69294467,8545,82.655913,2021,2022
717,500,1517,0,29327,17,0,1851,2517,8,2020,114,35237,27.99650892,8546,83.26165987,2021,2022
718,501,3308,1887,24047,365,0,1517,4207,133,2020,115,35470,28.6595305,8547,82.51001333,2021,2022
719,502,0,0,30883,19,0,0,4470,2,2020,116,35486,28.71454841,8548,82.6331823,2021,2022
720,503,435,0,25190,184,0,94,9391,0,2020,117,35294,28.20056948,8549,83.09902226,2021,2022
721,504,1408,0,31928,0,0,70,1870,0,2020,118,35276,28.1083224,8550,83.12745414,2021,2022
722,505,817,0,21058,0,0,170,13263,0,2020,119,35308,28.24108429,8551,83.10983775,2021,2022
723,506,383,1214,20384,105,0,2472,9900,951,2020,133,35409,28.50532928,8568,83.01855489,2021,2022
724,507,1983,850,27168,16,0,554,4607,151,2020,134,35329,28.30829477,8569,83.17278555,2021,2022
725,508,2632,0,13930,79,0,3169,15228,319,2020,135,35357,28.39781418,8570,83.08592627,2021,2022
726,509,1332,0,31839,497,0,394,1251,37,2020,136,35350,28.32815722,8571,83.97788911,2021,2022
727,510,1862,17,18660,37,0,449,13910,416,2020,137,35351,28.3668984,8572,83.13118621,2021,2022
728,511,713,10,30127,0,0,1738,2682,0,2020,138,35270,28.13300964,8573,83.45802233,2021,2022
729,512,1605,21,17356,307,0,2695,13287,93,2020,139,35364,28.39271703,8574,83.03088439,2021,2022
730,513,570,0,26986,100,0,1460,6240,8,2020,140,35364,28.39721086,8575,83.26028459,2021,2022
731,514,0,0,32903,0,0,97,2335,0,2020,141,35335,28.30917642,8576,83.44374715,2021,2022
732,515,1637,0,32181,0,0,120,1227,3,2020,146,35168,27.81251125,8582,85.04508694,2021,2022
733,516,912,21,28980,0,0,117,5139,0,2020,147,35169,27.77917522,8583,84.7417171,2021,2022
734,517,519,0,33334,16,0,343,1004,0,2020,149,35216,27.95605272,8586,84.79224956,2021,2022
735,518,2301,0,25090,89,0,4365,3368,0,2020,150,35213,27.92418742,8587,84.1776855,2021,2022
736,519,1648,1203,23513,2,1,1417,6391,869,2020,151,35044,27.42980316,8588,85.34690574,2021,2022
737,520,6153,283,19477,378,0,808,7556,432,2020,152,35087,27.52127706,8589,85.68186195,2021,2022
738,521,487,0,23648,66,0,79,10774,0,2020,153,35054,27.44021687,8590,85.5170715,2021,2022
739,522,8660,0,18913,0,0,5619,1912,0,2020,154,35104,27.60730086,8591,85.65839233,2021,2022
740,523,1,1365,22280,957,68,5345,5238,285,2020,155,35539,28.90898277,8592,81.6468272,2021,2022
741,524,189,0,32653,0,0,379,1358,819,2020,156,35398,28.48079756,8593,81.8531539,2021,2022
742,525,1,0,16272,100,0,1629,17232,277,2020,157,35511,28.80141771,8594,82.05718585,2021,2022
743,526,10,0,28540,2443,0,408,4137,6,2020,158,35544,28.91570614,8595,82.44339611,2021,2022
744,527,182,0,31579,64,0,109,3349,63,2020,159,35346,28.35968669,8596,81.95765268,2021,2022
745,528,1415,1586,9848,1257,1116,5720,13140,1601,2021,44,35683,29.33431355,8475,81.98157663,2021,2022
746,529,1074,0,11184,138,0,4102,15250,3961,2021,45,35709,29.38827771,8476,81.34136861,2021,2022
747,530,1855,0,25147,0,0,1177,6981,0,2021,46,35160,27.79720808,8477,85.17941055,2021,2022
748,531,700,632,20305,44,6,1182,11263,1469,2021,47,35601,29.09495949,8478,80.6649946,2021,2022
749,532,272,91,25017,49,0,1463,8780,24,2021,48,35696,29.36268046,8479,80.92480647,2021,2022
750,533,365,179,12459,4925,0,2656,13579,1472,2021,49,35635,29.19115059,8480,82.06174597,2021,2022
751,534,2,0,30088,0,0,73,4973,436,2021,52,35572,29.0061011,8483,81.55583539,2021,2022
752,535,228,0,31693,27,0,27,3514,0,2021,55,35489,28.76587749,8486,81.69452301,2021,2022
753,536,18,0,21063,90,0,452,13759,417,2021,57,35799,29.63516342,8488,82.03426418,2021,2022
754,537,2,71,11596,817,0,273,22360,566,2021,58,35685,29.29731781,8489,81.77470697,2021,2022
755,538,2733,18,24537,0,0,2524,5570,0,2021,59,35382,28.43310642,8491,82.18830607,2021,2022
756,539,707,66,21275,361,0,2218,10705,242,2021,60,35605,29.10209617,8492,81.78451234,2021,2022
757,540,985,0,25620,0,0,1750,7039,0,2021,61,35394,28.47690535,8493,82.33390362,2021,2022
758,541,45,0,33271,0,0,287,1818,0,2021,62,35421,28.56316572,8494,82.19040767,2021,2022
759,542,533,0,29822,20,0,297,4741,0,2021,63,35413,28.53742552,8495,82.32043789,2021,2022
760,543,494,4,31580,0,0,177,3136,0,2021,64,35391,28.4954865,8496,82.1508874,2021,2022
761,544,35,0,28027,0,0,4624,2751,0,2021,65,35437,28.59394086,8497,82.29118112,2021,2022
762,545,1737,217,28332,0,0,3042,2009,0,2021,66,35337,28.29715563,8498,82.02757741,2021,2022
763,546,385,14,30588,0,0,2817,1474,69,2021,67,35347,28.36039218,8499,81.84661675,2021,2022
764,547,1404,0,25976,0,0,3783,4207,35,2021,68,35405,28.52765285,8500,81.97148351,2021,2022
765,548,5962,4,20781,60,0,1453,7212,0,2021,69,35472,28.69924386,8501,82.44427857,2021,2022
766,549,3235,669,23697,15,18,5540,1575,583,2021,70,35332,28.28270839,8502,82.2350942,2021,2022
767,550,7931,219,11160,449,0,5958,9141,584,2021,71,35442,28.65493068,8503,82.54734907,2021,2022
768,551,0,3,23386,238,0,947,10791,116,2021,72,35481,28.74779829,8504,82.42759305,2021,2022
769,552,265,0,28982,0,0,263,5932,0,2021,73,35442,28.64667388,8505,82.27827949,2021,2022
770,553,374,1,29602,0,0,861,4642,8,2021,74,35488,28.7427801,8506,82.33413209,2021,2022
771,554,115,0,27400,0,0,47,7861,0,2021,75,35423,28.5928957,8507,82.30676418,2021,2022
772,555,1408,12,28821,0,0,354,4846,0,2021,76,35441,28.59293476,8508,82.44021013,2021,2022
773,556,0,0,31363,0,0,88,4016,0,2021,77,35467,28.67594476,8509,82.37699587,2021,2022
774,557,36,0,23472,30,0,164,11761,0,2021,79,35463,28.67255327,8511,82.35910517,2021,2022
775,558,1817,0,23728,35,0,1286,8407,141,2021,81,35414,28.56879968,8513,82.50581603,2021,2022
776,559,956,0,27523,0,0,6,6961,0,2021,82,35446,28.62086345,8514,82.39017493,2021,2022
777,560,1991,0,24344,21,0,3747,5369,8,2021,83,35480,28.75512988,8515,82.3851329,2021,2022
778,561,215,0,30519,72,0,1947,2781,0,2021,84,35534,28.9088271,8516,81.10035311,2021,2022
779,562,1895,0,28075,15,0,4594,947,0,2021,85,35526,28.85439162,8517,81.23458925,2021,2022
780,563,1168,227,21696,22,0,4435,7860,0,2021,86,35408,28.51365111,8518,82.05146837,2021,2022
781,564,453,176,29808,0,0,1672,2309,1006,2021,87,35424,28.55560503,8519,81.74006709,2021,2022
782,565,7,82,28553,0,0,0,7172,0,2021,89,35814,29.68423507,8521,80.44127416,2021,2022
783,566,3082,0,26912,0,0,4652,862,7,2021,90,35515,28.84146201,8522,81.32735657,2021,2022
784,567,0,0,27031,4251,0,692,3330,194,2021,92,35498,28.79416477,8524,82.69537361,2021,2022
785,568,1219,0,25674,16,0,143,8139,0,2021,93,35191,27.87557131,8525,83.71229707,2021,2022
786,569,822,0,17497,32,0,342,16776,0,2021,94,35469,28.68074647,8526,82.7989344,2021,2022
787,570,685,0,24209,20,0,3396,7112,0,2021,95,35422,28.58041959,8527,82.69521141,2021,2022
788,571,0,0,31556,1287,0,240,2333,0,2021,96,35416,28.53341598,8528,82.75260701,2021,2022
789,572,450,268,24762,2855,0,1797,5211,70,2021,97,35433,28.58306007,8529,82.78111061,2021,2022
790,573,495,0,32768,0,0,554,1375,0,2021,98,35192,27.87153496,8530,83.75668913,2021,2022
791,574,575,0,29683,0,0,43,4884,0,2021,99,35185,27.8282532,8531,83.68061528,2021,2022
792,575,59,0,26137,1,0,9,9204,0,2021,100,35410,28.5456909,8532,82.64531606,2021,2022
793,576,5893,4435,13828,0,0,8413,925,1688,2021,101,35182,27.87075974,8533,83.94377507,2021,2022
794,577,1690,1110,31047,98,1,667,592,13,2021,103,35218,27.95893236,8535,83.37516055,2021,2022
795,578,1530,0,23300,25,0,707,9862,0,2021,104,35424,28.54981357,8536,82.70226806,2021,2022
796,579,597,0,29303,6,0,448,4903,0,2021,105,35257,28.05841498,8537,82.99289728,2021,2022
797,580,336,164,30085,304,0,4,3881,332,2021,106,35293,28.19090095,8538,83.23852946,2021,2022
798,581,136,3,31191,0,0,13,3740,349,2021,107,35432,28.59021932,8539,82.61533692,2021,2022
799,582,349,0,27297,354,0,39,7191,0,2021,108,35230,27.99515412,8540,83.52918392,2021,2022
800,583,14349,0,19947,0,0,230,729,0,2021,109,35255,28.06381694,8541,83.23982204,2021,2022
801,584,2490,0,15296,551,0,3394,13723,2,2021,110,35456,28.65005085,8542,82.6266384,2021,2022
802,585,0,60,21252,430,0,2934,9783,989,2021,111,35448,28.67850567,8543,82.94601189,2021,2022
803,586,3469,503,29282,8,0,293,1321,345,2021,112,35221,27.95604949,8544,83.39487345,2021,2022
804,587,160,0,24863,270,0,16,10151,1,2021,113,35471,28.69294467,8545,82.655913,2021,2022
805,588,1074,0,29384,0,0,2403,2373,3,2021,114,35237,27.99650892,8546,83.26165987,2021,2022
806,589,2938,1826,24688,24,0,1310,4516,168,2021,115,35470,28.6595305,8547,82.51001333,2021,2022
807,590,0,0,30499,1,0,7,4975,4,2021,116,35486,28.71454841,8548,82.6331823,2021,2022
808,591,386,0,24781,25,0,52,10050,0,2021,117,35294,28.20056948,8549,83.09902226,2021,2022
809,592,1226,0,32200,0,0,225,1625,0,2021,118,35276,28.1083224,8550,83.12745414,2021,2022
810,593,403,0,20251,0,0,167,14487,0,2021,119,35308,28.24108429,8551,83.10983775,2021,2022
811,594,337,1038,21343,7,0,3156,8639,889,2021,133,35409,28.50532928,8568,83.01855489,2021,2022
812,595,2174,710,26799,8,0,480,4865,293,2021,134,35329,28.30829477,8569,83.17278555,2021,2022
813,596,1786,1,13820,190,0,4214,15097,249,2021,135,35357,28.39781418,8570,83.08592627,2021,2022
814,597,1394,18,32115,15,0,648,1159,1,2021,136,35350,28.32815722,8571,83.97788911,2021,2022
815,598,1684,11,18530,46,0,818,13989,273,2021,137,35351,28.3668984,8572,83.13118621,2021,2022
816,599,1257,3,30035,15,0,768,3192,0,2021,138,35270,28.13300964,8573,83.45802233,2021,2022
817,600,1223,47,17101,383,0,3402,13208,0,2021,139,35364,28.39271703,8574,83.03088439,2021,2022
818,601,442,0,25859,24,0,1194,7830,15,2021,140,35364,28.39721086,8575,83.26028459,2021,2022
819,602,0,0,32876,22,0,69,2368,0,2021,141,35335,28.30917642,8576,83.44374715,2021,2022
820,603,1431,30,32165,0,0,274,1266,2,2021,146,35168,27.81251125,8582,85.04508694,2021,2022
821,604,841,95,28980,0,0,80,5173,0,2021,147,35169,27.77917522,8583,84.7417171,2021,2022
822,605,339,0,33163,0,0,375,1339,0,2021,149,35216,27.95605272,8586,84.79224956,2021,2022
823,606,2589,684,26285,463,0,2328,2831,33,2021,150,35213,27.92418742,8587,84.1776855,2021,2022
824,607,1732,1194,24003,1,0,1982,5502,630,2021,151,35044,27.42980316,8588,85.34690574,2021,2022
825,608,5110,243,20880,134,0,932,7750,38,2021,152,35087,27.52127706,8589,85.68186195,2021,2022
826,609,374,0,23965,0,0,122,10593,0,2021,153,35054,27.44021687,8590,85.5170715,2021,2022
827,610,7520,0,20352,0,0,5540,1692,0,2021,154,35104,27.60730086,8591,85.65839233,2021,2022
828,611,99,1243,19516,16,82,9806,4439,338,2021,155,35539,28.90898277,8592,81.6468272,2021,2022
829,612,188,8,32292,0,0,329,1839,742,2021,156,35398,28.48079756,8593,81.8531539,2021,2022
830,613,19,0,16425,189,0,1517,17314,47,2021,157,35511,28.80141771,8594,82.05718585,2021,2022
831,614,6,0,28171,809,0,272,6286,0,2021,158,35544,28.91570614,8595,82.44339611,2021,2022
832,615,229,0,28620,0,0,235,6258,4,2021,159,35346,28.35968669,8596,81.95765268,2021,2022
833,0,763,0,16455,2830,0,4659,8565,2583,2015,165,35855,29.81186463,8602,81.96150322,2021,2022
834,1,18,1860,14992,423,0,827,8492,265,2015,166,26887,29.77328968,8603,81.9278406,2021,2022
835,2,987,3643,16924,3919,0,2128,5327,2499,2015,167,35427,28.57207629,8604,81.99601228,2021,2022
836,3,376,0,16736,4847,0,1858,11165,873,2016,165,35855,29.81186463,8602,81.96150322,2021,2022
837,4,0,1903,23067,927,0,0,9461,486,2016,166,35844,29.77328968,8603,81.9278406,2021,2022
838,5,731,3469,13592,822,0,2703,11392,2718,2016,167,35427,28.57207629,8604,81.99601228,2021,2022
839,6,213,0,16983,6877,0,1125,10290,367,2017,165,35855,29.81186463,8602,81.96150322,2021,2022
840,7,0,1892,23337,146,0,0,10348,121,2017,166,35844,29.77328968,8603,81.9278406,2021,2022
841,8,713,3365,14747,528,0,1769,11419,2886,2017,167,35427,28.57207629,8604,81.99601228,2021,2022
842,9,571,0,15984,1714,0,3264,12782,1540,2018,165,35855,29.81186463,8602,81.96150322,2021,2022
843,10,0,1896,22754,122,0,26,10821,225,2018,166,35844,29.77328968,8603,81.9278406,2021,2022
844,11,765,3367,14247,531,0,2867,10799,2851,2018,167,35427,28.57207629,8604,81.99601228,2021,2022
845,12,564,0,15533,560,0,1977,15423,1798,2019,165,35855,29.81186463,8602,81.96150322,2021,2022
846,13,0,2030,19565,147,0,220,13738,144,2019,166,35844,29.77328968,8603,81.9278406,2021,2022
847,14,815,3641,13093,470,0,2597,12242,2569,2019,167,35427,28.57207629,8604,81.99601228,2021,2022
848,15,685,0,15952,1253,0,2791,13657,1517,2020,165,35855,29.81186463,8602,81.96150322,2021,2022
849,16,47,2041,20938,502,0,198,11954,164,2020,166,35844,29.77328968,8603,81.9278406,2021,2022
850,17,1539,3463,16233,1269,0,2982,7385,2556,2020,167,35427,28.57207629,8604,81.99601228,2021,2022
851,18,639,0,16401,4395,0,2134,11924,362,2021,165,35855,29.81186463,8602,81.96150322,2021,2022
852,19,32,1906,22490,32,0,349,10802,233,2021,166,35844,29.77328968,8603,81.9278406,2021,2022
853,20,1430,3328,16411,1093,0,2657,7761,2747,2021,167,35427,28.57207629,8604,81.99601228,2021,2022
